INSERT INTO categories (id, name, slug)
VALUES (1, 'Elektronika', 'elektronika'),
       (2, 'Komputery i laptopy', 'komputery-i-laptopy'),
       (3, 'Smartfony', 'smartfony'),
       (4, 'Dom i kuchnia', 'dom-i-kuchnia'),
       (5, 'Moda', 'moda'),
       (6, 'Sport i turystyka', 'sport-i-turystyka'),
       (7, 'Książki', 'ksiazki'),
       (8, 'Gry i konsole', 'gry-i-konsole'),
       (9, 'Zdrowie i uroda', 'zdrowie-i-uroda'),
       (10, 'Ogród', 'ogrod'),
       (11, 'Biuro', 'biuro'),
       (12, 'Dziecko', 'dziecko');

INSERT INTO products (id, sku, name, description, price, stock_quantity, reserved_quantity, active, category_id,
                      version, created_at, updated_at)
VALUES (1, 'ELEC-001', 'Słuchawki bezprzewodowe AirSound X1',
        'Lekkie słuchawki Bluetooth z etui ładującym i redukcją szumów.', 249.99, 173, 1, FALSE, 1, 5,
        '2026-01-12 03:00:00', '2026-01-27 07:00:00'),
       (2, 'ELEC-002', 'Głośnik Bluetooth BoomBox Mini', 'Przenośny głośnik z wodoodporną obudową i mocnym basem.',
        179.00, 36, 8, TRUE, 1, 1, '2025-10-28 09:00:00', '2025-10-30 11:00:00'),
       (3, 'ELEC-003', 'Powerbank 20000 mAh VoltPro', 'Pojemny powerbank z szybkim ładowaniem USB-C.', 139.99, 69, 8,
        TRUE, 1, 5, '2025-08-18 04:00:00', '2025-10-04 00:00:00'),
       (4, 'ELEC-004', 'Kamera sportowa ActionCam 4K', 'Kamera do nagrywania aktywności w jakości 4K z akcesoriami.',
        399.00, 149, 6, TRUE, 1, 1, '2025-08-04 02:00:00', '2025-09-25 02:00:00'),
       (5, 'ELEC-005', 'Smartwatch FitTime Pro', 'Zegarek z pomiarem tętna, powiadomieniami i GPS.', 529.99, 188, 6,
        TRUE, 1, 0, '2026-03-14 04:00:00', '2026-05-02 14:00:00'),
       (6, 'ELEC-006', 'Ładowarka sieciowa USB-C 65W', 'Kompaktowa ładowarka do laptopów, tabletów i telefonów.', 89.99,
        33, 6, TRUE, 1, 0, '2025-03-24 23:00:00', '2025-05-03 07:00:00'),
       (7, 'ELEC-007', 'Kabel USB-C 2m nylonowy', 'Wzmacniany przewód do ładowania i transmisji danych.', 29.99, 196, 7,
        TRUE, 1, 2, '2025-02-13 22:00:00', '2025-02-20 15:00:00'),
       (8, 'COMP-001', 'Laptop NovaBook 14 i5 16GB 512GB',
        'Lekki laptop biznesowy z matową matrycą i szybkim dyskiem SSD.', 3299.00, 222, 10, TRUE, 2, 5,
        '2025-03-16 23:00:00', '2025-04-23 05:00:00'),
       (9, 'COMP-002', 'Monitor ViewMax 27 QHD', 'Monitor 27 cali z rozdzielczością QHD i regulowaną podstawą.',
        1199.00, 27, 0, TRUE, 2, 0, '2025-05-02 01:00:00', '2025-05-08 08:00:00'),
       (10, 'COMP-003', 'Klawiatura mechaniczna KeyStorm RGB', 'Klawiatura z przełącznikami blue i podświetleniem RGB.',
        299.99, 107, 4, TRUE, 2, 2, '2025-03-30 23:00:00', '2025-04-11 10:00:00'),
       (11, 'COMP-004', 'Mysz ergonomiczna ErgoMouse M7', 'Bezprzewodowa mysz z cichymi przyciskami i regulacją DPI.',
        149.99, 63, 10, TRUE, 2, 4, '2025-02-06 13:00:00', '2025-03-20 15:00:00'),
       (12, 'COMP-005', 'Dysk SSD FastDrive 1TB', 'Szybki dysk SSD NVMe do komputera lub laptopa.', 349.00, 172, 2,
        TRUE, 2, 2, '2026-01-27 05:00:00', '2026-02-26 17:00:00'),
       (13, 'COMP-006', 'Router WiFi 6 NetWave AX3000', 'Dwupasmowy router z obsługą WiFi 6 i sieci gościnnej.', 429.00,
        246, 10, TRUE, 2, 1, '2026-02-08 13:00:00', '2026-03-01 14:00:00'),
       (14, 'COMP-007', 'Hub USB-C 8w1 DockLite', 'Adapter z HDMI, USB, czytnikiem kart i ładowaniem PD.', 219.99, 220,
        0, TRUE, 2, 4, '2025-11-08 02:00:00', '2025-11-13 08:00:00'),
       (15, 'PHONE-001', 'Smartfon Pixelio A55 128GB', 'Smartfon z ekranem AMOLED, NFC i pojemną baterią.', 1399.00,
        234, 11, TRUE, 3, 3, '2025-06-30 19:00:00', '2025-07-27 15:00:00'),
       (16, 'PHONE-002', 'Etui silikonowe do Pixelio A55', 'Elastyczne etui chroniące tył i krawędzie telefonu.', 39.99,
        46, 4, TRUE, 3, 5, '2025-05-15 17:00:00', '2025-06-20 01:00:00'),
       (17, 'PHONE-003', 'Szkło hartowane 9H do Pixelio A55', 'Odporne szkło ochronne z powłoką oleofobową.', 24.99,
        159, 6, TRUE, 3, 4, '2025-11-08 23:00:00', '2025-11-24 03:00:00'),
       (18, 'PHONE-004', 'Smartfon GalaxyWay S20 256GB', 'Telefon z aparatem 108 MP i szybkim ładowaniem.', 2499.00,
        136, 1, TRUE, 3, 1, '2025-03-18 07:00:00', '2025-03-29 03:00:00'),
       (19, 'PHONE-005', 'Uchwyt samochodowy MagHold', 'Magnetyczny uchwyt do kratki nawiewu.', 59.99, 212, 10, TRUE, 3,
        3, '2026-04-29 22:00:00', '2026-05-25 17:00:00'),
       (20, 'PHONE-006', 'Ładowarka indukcyjna QiPad 15W', 'Bezprzewodowa ładowarka do telefonów z obsługą Qi.', 79.99,
        145, 4, TRUE, 3, 0, '2025-03-18 10:00:00', '2025-05-02 09:00:00'),
       (21, 'HOME-001', 'Ekspres przelewowy AromaPlus', 'Ekspres z timerem i dzbankiem termicznym.', 229.00, 184, 8,
        TRUE, 4, 2, '2025-05-03 14:00:00', '2025-05-25 17:00:00'),
       (22, 'HOME-002', 'Blender kielichowy MixMaster 1200W', 'Blender z trybem kruszenia lodu i szklanym kielichem.',
        289.00, 121, 2, TRUE, 4, 1, '2025-05-27 11:00:00', '2025-06-14 03:00:00'),
       (23, 'HOME-003', 'Odkurzacz pionowy CleanStick', 'Bezprzewodowy odkurzacz z wymienną baterią.', 699.00, 139, 1,
        TRUE, 4, 1, '2025-12-30 14:00:00', '2026-02-02 09:00:00'),
       (24, 'HOME-004', 'Czajnik elektryczny SteelHeat 1.7L', 'Czajnik ze stali nierdzewnej z filtrem antyosadowym.',
        119.99, 49, 5, TRUE, 4, 4, '2025-08-28 18:00:00', '2025-10-26 18:00:00'),
       (25, 'HOME-005', 'Zestaw patelni GranitCook 3 szt.',
        'Patelnie z powłoką nieprzywierającą do codziennego gotowania.', 199.99, 92, 7, FALSE, 4, 1,
        '2025-02-10 23:00:00', '2025-04-09 08:00:00'),
       (26, 'HOME-006', 'Lampka biurkowa LED Flexi', 'Lampka z regulacją jasności i temperatury barwowej.', 89.99, 24,
        1, TRUE, 4, 3, '2025-02-02 08:00:00', '2025-02-09 07:00:00'),
       (27, 'FASH-001', 'T-shirt bawełniany Basic Czarny', 'Klasyczna koszulka z miękkiej bawełny.', 49.99, 218, 1,
        TRUE, 5, 3, '2025-09-02 06:00:00', '2025-09-12 03:00:00'),
       (28, 'FASH-002', 'Bluza z kapturem Urban Hoodie', 'Ciepła bluza z kieszenią kangurką i ściągaczami.', 149.99,
        150, 2, TRUE, 5, 4, '2025-03-11 15:00:00', '2025-04-08 21:00:00'),
       (29, 'FASH-003', 'Kurtka softshell TrekLight', 'Lekka kurtka odporna na wiatr i lekki deszcz.', 249.99, 203, 11,
        TRUE, 5, 5, '2025-06-01 01:00:00', '2025-06-27 22:00:00'),
       (30, 'FASH-004', 'Sneakersy StreetRun', 'Wygodne buty miejskie z amortyzującą podeszwą.', 229.00, 105, 7, TRUE,
        5, 0, '2025-10-13 07:00:00', '2025-10-29 14:00:00'),
       (31, 'FASH-005', 'Plecak miejski CityPack 20L', 'Plecak z przegrodą na laptopa i organizerem.', 159.99, 96, 0,
        TRUE, 5, 0, '2026-02-03 16:00:00', '2026-02-18 16:00:00'),
       (32, 'FASH-006', 'Czapka zimowa WoolMix', 'Ciepła czapka z domieszką wełny.', 39.99, 191, 10, FALSE, 5, 0,
        '2026-04-28 09:00:00', '2026-06-16 10:00:00'),
       (33, 'SPORT-001', 'Mata do jogi FlexYoga 6mm', 'Antypoślizgowa mata do ćwiczeń i jogi.', 79.99, 141, 3, TRUE, 6,
        5, '2025-09-26 04:00:00', '2025-10-31 08:00:00'),
       (34, 'SPORT-002', 'Hantle regulowane 2x10kg', 'Zestaw hantli z talerzami i zaciskami.', 249.99, 249, 9, TRUE, 6,
        1, '2026-01-27 19:00:00', '2026-03-21 08:00:00'),
       (35, 'SPORT-003', 'Bidon sportowy Hydro 750ml', 'Lekki bidon z ustnikiem i miarką pojemności.', 34.99, 34, 1,
        TRUE, 6, 5, '2025-12-01 21:00:00', '2025-12-29 11:00:00'),
       (36, 'SPORT-004', 'Namiot turystyczny CampEasy 3', 'Trzyosobowy namiot z wodoodporną powłoką.', 449.00, 23, 5,
        TRUE, 6, 5, '2025-07-06 07:00:00', '2025-07-10 19:00:00'),
       (37, 'SPORT-005', 'Śpiwór TrekWarm', 'Śpiwór na chłodne noce podczas wyjazdów.', 189.99, 96, 12, TRUE, 6, 3,
        '2026-01-25 04:00:00', '2026-02-07 21:00:00'),
       (38, 'SPORT-006', 'Kijki trekkingowe AluTrail', 'Regulowane kijki z lekkiego aluminium.', 129.99, 45, 6, TRUE, 6,
        3, '2025-10-08 03:00:00', '2025-12-03 05:00:00'),
       (39, 'BOOK-001', 'Czysty Kod w Praktyce', 'Książka o dobrych praktykach programowania i refaktoryzacji.', 89.90,
        216, 8, TRUE, 7, 0, '2025-07-02 17:00:00', '2025-08-25 17:00:00'),
       (40, 'BOOK-002', 'Spring Boot od podstaw', 'Przewodnik po tworzeniu aplikacji backendowych w Javie.', 99.90, 247,
        12, TRUE, 7, 1, '2026-03-07 21:00:00', '2026-04-09 12:00:00'),
       (41, 'BOOK-003', 'Algorytmy i struktury danych', 'Podręcznik z przykładami implementacji i zadaniami.', 119.90,
        231, 6, TRUE, 7, 2, '2026-03-08 22:00:00', '2026-03-10 10:00:00'),
       (42, 'BOOK-004', 'Frontend bez tajemnic', 'Książka o HTML, CSS i JavaScript dla praktyków.', 79.90, 247, 12,
        TRUE, 7, 4, '2026-01-05 21:00:00', '2026-02-20 20:00:00'),
       (43, 'BOOK-005', 'Projektowanie baz danych', 'Kompendium modelowania danych i języka SQL.', 94.90, 179, 11, TRUE,
        7, 4, '2026-02-24 01:00:00', '2026-03-10 02:00:00'),
       (44, 'BOOK-006', 'Architektura aplikacji webowych', 'Omówienie wzorców, warstw i integracji systemów.', 109.90,
        198, 8, FALSE, 7, 3, '2025-12-23 09:00:00', '2025-12-28 03:00:00'),
       (45, 'GAME-001', 'Konsola GameBox X', 'Konsola nowej generacji z kontrolerem bezprzewodowym.', 2199.00, 138, 8,
        TRUE, 8, 0, '2025-09-14 08:00:00', '2025-11-08 13:00:00'),
       (46, 'GAME-002', 'Pad bezprzewodowy GameBox Controller', 'Kontroler z wibracjami i portem USB-C.', 249.00, 162,
        1, TRUE, 8, 1, '2026-01-31 22:00:00', '2026-02-09 16:00:00'),
       (47, 'GAME-003', 'Gra Space Raiders', 'Dynamiczna gra akcji w klimacie science fiction.', 249.99, 158, 9, FALSE,
        8, 4, '2026-04-20 21:00:00', '2026-06-03 15:00:00'),
       (48, 'GAME-004', 'Gra Farm Manager 2026', 'Symulator prowadzenia gospodarstwa i handlu.', 179.99, 143, 5, TRUE,
        8, 1, '2026-02-16 13:00:00', '2026-04-03 23:00:00'),
       (49, 'GAME-005', 'Słuchawki gamingowe HeadShot Pro',
        'Zestaw słuchawkowy z mikrofonem i dźwiękiem przestrzennym.', 299.00, 77, 6, TRUE, 8, 0, '2025-07-06 01:00:00',
        '2025-08-05 11:00:00'),
       (50, 'GAME-006', 'Podkładka gamingowa XL', 'Duża podkładka pod mysz i klawiaturę.', 59.99, 12, 3, TRUE, 8, 1,
        '2025-08-17 07:00:00', '2025-08-23 00:00:00'),
       (51, 'BEAUTY-001', 'Szczoteczka soniczna SmilePro', 'Szczoteczka z kilkoma trybami pracy i timerem.', 179.99,
        139, 4, TRUE, 9, 2, '2025-12-05 08:00:00', '2026-01-31 15:00:00'),
       (52, 'BEAUTY-002', 'Suszarka do włosów IonDry 2200W', 'Suszarka z jonizacją i chłodnym nawiewem.', 149.99, 82, 2,
        TRUE, 9, 5, '2025-08-26 12:00:00', '2025-09-16 07:00:00'),
       (53, 'BEAUTY-003', 'Maszynka do strzyżenia TrimMaster', 'Zestaw z nasadkami i akumulatorem.', 129.99, 145, 0,
        TRUE, 9, 0, '2025-08-22 01:00:00', '2025-10-21 22:00:00'),
       (54, 'BEAUTY-004', 'Masażer karku RelaxNeck', 'Masażer z funkcją podgrzewania.', 199.99, 250, 2, TRUE, 9, 1,
        '2025-03-03 07:00:00', '2025-04-21 00:00:00'),
       (55, 'BEAUTY-005', 'Waga łazienkowa SmartScale', 'Waga z analizą składu ciała i aplikacją.', 99.99, 79, 4, TRUE,
        9, 5, '2025-05-30 00:00:00', '2025-06-13 21:00:00'),
       (56, 'BEAUTY-006', 'Lusterko LED BeautyMirror', 'Lusterko z podświetleniem i powiększeniem.', 69.99, 228, 4,
        TRUE, 9, 3, '2026-01-24 09:00:00', '2026-01-31 05:00:00'),
       (57, 'GARD-001', 'Kosiarka elektryczna GreenCut 1600W', 'Kosiarka do średnich ogrodów z koszem na trawę.',
        599.00, 222, 4, FALSE, 10, 1, '2025-12-13 06:00:00', '2026-01-23 14:00:00'),
       (58, 'GARD-002', 'Sekator ogrodowy SharpGarden', 'Solidny sekator do przycinania gałęzi.', 49.99, 199, 7, TRUE,
        10, 0, '2025-10-25 17:00:00', '2025-10-26 20:00:00'),
       (59, 'GARD-003', 'Wąż ogrodowy 30m AquaFlex', 'Elastyczny wąż z końcówkami i zraszaczem.', 119.99, 236, 11, TRUE,
        10, 4, '2025-08-26 09:00:00', '2025-10-19 20:00:00'),
       (60, 'GARD-004', 'Grill węglowy FamilyGrill', 'Grill z pokrywą i półką boczną.', 299.00, 151, 2, TRUE, 10, 2,
        '2026-05-11 01:00:00', '2026-06-04 02:00:00'),
       (61, 'GARD-005', 'Donica balkonowa Terra 60cm', 'Wytrzymała donica do roślin balkonowych.', 39.99, 63, 10, TRUE,
        10, 3, '2026-04-09 23:00:00', '2026-05-30 16:00:00'),
       (62, 'GARD-006', 'Zestaw narzędzi ogrodowych 5w1', 'Podstawowy komplet narzędzi do pracy w ogrodzie.', 89.99,
        168, 11, TRUE, 10, 1, '2025-02-10 03:00:00', '2025-04-07 08:00:00'),
       (63, 'OFFICE-001', 'Fotel biurowy ComfortSeat', 'Ergonomiczny fotel z regulacją wysokości i podłokietnikami.',
        499.00, 235, 6, FALSE, 11, 5, '2025-05-20 00:00:00', '2025-07-10 13:00:00'),
       (64, 'OFFICE-002', 'Biurko komputerowe WorkDesk 120', 'Stabilne biurko z szufladą i przepustem kablowym.',
        399.00, 231, 11, TRUE, 11, 0, '2026-01-16 05:00:00', '2026-03-09 03:00:00'),
       (65, 'OFFICE-003', 'Organizer biurkowy DeskBox', 'Praktyczny organizer na dokumenty i akcesoria.', 39.99, 107, 0,
        TRUE, 11, 2, '2026-02-08 04:00:00', '2026-04-02 18:00:00'),
       (66, 'OFFICE-004', 'Papier ksero A4 5 ryz', 'Zestaw papieru do drukarek i kopiarek.', 99.99, 88, 12, TRUE, 11, 3,
        '2026-02-07 10:00:00', '2026-03-22 16:00:00'),
       (67, 'OFFICE-005', 'Niszczarka dokumentów SafeCut', 'Niszczarka paskowa do domowego biura.', 189.99, 94, 4, TRUE,
        11, 4, '2025-05-02 02:00:00', '2025-05-25 22:00:00'),
       (68, 'OFFICE-006', 'Tablica magnetyczna 90x60', 'Biała tablica suchościeralna z półką na markery.', 129.99, 112,
        10, TRUE, 11, 2, '2025-08-31 00:00:00', '2025-09-02 03:00:00'),
       (69, 'KIDS-001', 'Klocki konstrukcyjne BuildFun 500', 'Zestaw kreatywnych klocków dla dzieci.', 129.99, 55, 9,
        TRUE, 12, 3, '2026-01-17 09:00:00', '2026-01-25 04:00:00'),
       (70, 'KIDS-002', 'Plecak szkolny JuniorPack', 'Lekki plecak z odblaskami i organizerem.', 119.99, 98, 11, TRUE,
        12, 3, '2025-10-20 15:00:00', '2025-11-22 18:00:00'),
       (71, 'KIDS-003', 'Lampka nocna StarLight', 'Lampka projektująca gwiazdki na suficie.', 59.99, 240, 9, TRUE, 12,
        4, '2026-05-09 12:00:00', '2026-06-06 12:00:00'),
       (72, 'KIDS-004', 'Puzzle edukacyjne Mapa Świata', 'Kolorowe puzzle wspierające naukę geografii.', 44.99, 246, 12,
        TRUE, 12, 1, '2025-05-28 11:00:00', '2025-07-16 08:00:00'),
       (73, 'KIDS-005', 'Fotelik rowerowy KidRide', 'Bezpieczny fotelik montowany do roweru.', 229.99, 103, 6, FALSE,
        12, 5, '2025-06-26 00:00:00', '2025-08-05 10:00:00'),
       (74, 'KIDS-006', 'Zestaw plastyczny ArtBox', 'Kredki, farby i akcesoria w jednym pudełku.', 69.99, 227, 1, TRUE,
        12, 3, '2025-12-29 18:00:00', '2026-01-19 15:00:00');

INSERT INTO carts (id, customer_email, status, created_at, updated_at)
VALUES (1, 'jan.wisniewski1@mail.test', 'ACTIVE', '2026-05-21 15:24:00', '2026-05-21 19:29:00'),
       (2, 'anna.kaminski2@shop.test', 'ACTIVE', '2026-05-25 21:43:00', '2026-05-28 03:59:00'),
       (3, 'piotr.szymanski3@demo.local', 'ORDERED', '2026-06-12 22:46:00', '2026-06-13 08:35:00'),
       (4, 'katarzyna.kozlowski4@example.com', 'ACTIVE', '2026-06-14 14:51:00', '2026-06-15 21:59:00'),
       (5, 'michal.krawczyk5@mail.test', 'ORDERED', '2026-06-06 00:54:00', '2026-06-06 05:53:00'),
       (6, 'agnieszka.nowakowski6@shop.test', 'ACTIVE', '2026-05-27 12:22:00', '2026-05-28 05:12:00'),
       (7, 'tomasz.kowalski7@demo.local', 'ACTIVE', '2026-05-23 13:03:00', '2026-05-26 00:48:00'),
       (8, 'magdalena.wojcik8@example.com', 'ACTIVE', '2026-05-10 01:40:00', '2026-05-11 10:33:00'),
       (9, 'pawel.lewandowski9@mail.test', 'ACTIVE', '2026-05-17 15:21:00', '2026-05-19 16:42:00'),
       (10, 'natalia.wozniak10@shop.test', 'ACTIVE', '2026-06-02 22:09:00', '2026-06-04 08:30:00'),
       (11, 'krzysztof.jankowski11@demo.local', 'ORDERED', '2026-05-15 16:12:00', '2026-05-16 23:56:00'),
       (12, 'marta.piotrowski12@example.com', 'ACTIVE', '2026-05-09 22:30:00', '2026-05-12 22:03:00'),
       (13, 'adam.pawlowski13@mail.test', 'ACTIVE', '2026-06-02 06:14:00', '2026-06-03 07:34:00'),
       (14, 'karolina.nowak14@shop.test', 'ACTIVE', '2026-05-17 01:14:00', '2026-05-19 21:52:00'),
       (15, 'mateusz.kowalczyk15@demo.local', 'ACTIVE', '2026-05-13 05:43:00', '2026-05-13 11:46:00'),
       (16, 'julia.zielinski16@example.com', 'ACTIVE', '2026-06-13 01:05:00', '2026-06-15 15:12:00'),
       (17, 'lukasz.dabrowski17@mail.test', 'ACTIVE', '2026-05-06 12:57:00', '2026-05-07 09:06:00'),
       (18, 'ewa.mazur18@shop.test', 'ACTIVE', '2026-05-09 20:41:00', '2026-05-10 05:20:00'),
       (19, 'bartosz.grabowski19@demo.local', 'ACTIVE', '2026-06-11 04:45:00', '2026-06-12 04:20:00'),
       (20, 'monika.michalski20@example.com', 'ACTIVE', '2026-05-08 18:42:00', '2026-05-08 23:56:00'),
       (21, 'dawid.wisniewski21@mail.test', 'ACTIVE', '2026-05-13 02:19:00', '2026-05-13 23:17:00'),
       (22, 'zuzanna.kaminski22@shop.test', 'ACTIVE', '2026-05-17 11:41:00', '2026-05-19 15:58:00'),
       (23, 'wojciech.szymanski23@demo.local', 'ACTIVE', '2026-05-10 15:59:00', '2026-05-12 03:35:00'),
       (24, 'aleksandra.kozlowski24@example.com', 'ACTIVE', '2026-05-19 01:49:00', '2026-05-21 10:29:00'),
       (25, 'rafal.krawczyk25@mail.test', 'ACTIVE', '2026-05-16 00:18:00', '2026-05-18 05:10:00'),
       (26, 'patrycja.nowakowski26@shop.test', 'ACTIVE', '2026-06-03 17:37:00', '2026-06-06 10:17:00'),
       (27, 'jan.kowalski27@demo.local', 'ACTIVE', '2026-05-06 14:09:00', '2026-05-07 21:54:00'),
       (28, 'anna.wojcik28@example.com', 'ACTIVE', '2026-06-08 19:53:00', '2026-06-09 16:24:00'),
       (29, 'piotr.lewandowski29@mail.test', 'ACTIVE', '2026-06-06 21:48:00', '2026-06-09 16:35:00'),
       (30, 'katarzyna.wozniak30@shop.test', 'ABANDONED', '2026-05-15 01:08:00', '2026-05-15 02:26:00');

INSERT INTO cart_items (id, cart_id, product_id, quantity, unit_price_snapshot)
VALUES (1, 1, 18, 3, 2499.00),
       (2, 1, 60, 4, 299.00),
       (3, 1, 24, 3, 119.99),
       (4, 1, 7, 2, 29.99),
       (5, 2, 61, 1, 39.99),
       (6, 3, 4, 2, 399.00),
       (7, 4, 15, 3, 1399.00),
       (8, 4, 73, 3, 229.99),
       (9, 4, 28, 2, 149.99),
       (10, 4, 60, 1, 299.00),
       (11, 5, 74, 2, 69.99),
       (12, 5, 49, 1, 299.00),
       (13, 5, 51, 2, 179.99),
       (14, 6, 6, 1, 89.99),
       (15, 6, 45, 3, 2199.00),
       (16, 6, 69, 1, 129.99),
       (17, 6, 55, 4, 99.99),
       (18, 6, 48, 4, 179.99),
       (19, 7, 56, 3, 69.99),
       (20, 7, 23, 4, 699.00),
       (21, 8, 36, 4, 449.00),
       (22, 9, 64, 3, 399.00),
       (23, 10, 36, 2, 449.00),
       (24, 10, 72, 1, 44.99),
       (25, 10, 2, 2, 179.00),
       (26, 11, 63, 3, 499.00),
       (27, 11, 58, 2, 49.99),
       (28, 11, 3, 4, 139.99),
       (29, 11, 12, 2, 349.00),
       (30, 12, 55, 3, 99.99),
       (31, 12, 71, 4, 59.99),
       (32, 12, 43, 3, 94.90),
       (33, 13, 69, 2, 129.99),
       (34, 14, 13, 2, 429.00),
       (35, 14, 25, 3, 199.99),
       (36, 14, 38, 2, 129.99),
       (37, 15, 38, 3, 129.99),
       (38, 15, 17, 4, 24.99),
       (39, 15, 63, 4, 499.00),
       (40, 15, 14, 4, 219.99),
       (41, 15, 2, 3, 179.00),
       (42, 16, 52, 4, 149.99),
       (43, 17, 39, 4, 89.90),
       (44, 17, 11, 2, 149.99),
       (45, 17, 32, 4, 39.99),
       (46, 17, 16, 4, 39.99),
       (47, 17, 72, 4, 44.99),
       (48, 18, 27, 2, 49.99),
       (49, 19, 21, 1, 229.00),
       (50, 20, 37, 2, 189.99),
       (51, 20, 59, 3, 119.99),
       (52, 20, 10, 2, 299.99),
       (53, 21, 19, 2, 59.99),
       (54, 21, 10, 3, 299.99),
       (55, 21, 8, 3, 3299.00),
       (56, 22, 70, 4, 119.99),
       (57, 22, 64, 3, 399.00),
       (58, 22, 57, 3, 599.00),
       (59, 22, 11, 1, 149.99),
       (60, 22, 6, 1, 89.99),
       (61, 23, 23, 4, 699.00),
       (62, 24, 12, 3, 349.00),
       (63, 24, 61, 3, 39.99),
       (64, 24, 45, 1, 2199.00),
       (65, 24, 53, 2, 129.99),
       (66, 25, 5, 3, 529.99),
       (67, 25, 59, 1, 119.99),
       (68, 25, 12, 4, 349.00),
       (69, 25, 41, 1, 119.90),
       (70, 25, 33, 4, 79.99),
       (71, 26, 7, 2, 29.99),
       (72, 26, 27, 3, 49.99),
       (73, 26, 35, 4, 34.99),
       (74, 26, 71, 4, 59.99),
       (75, 27, 40, 1, 99.90),
       (76, 27, 71, 4, 59.99),
       (77, 28, 66, 4, 99.99),
       (78, 28, 35, 4, 34.99),
       (79, 28, 54, 2, 199.99),
       (80, 29, 9, 4, 1199.00),
       (81, 29, 36, 3, 449.00),
       (82, 30, 63, 4, 499.00),
       (83, 30, 20, 3, 79.99),
       (84, 30, 58, 3, 49.99);

INSERT INTO orders (id, order_number, customer_name, customer_email, customer_phone, status, payment_status,
                    total_price, created_at, updated_at, paid_at, cancelled_at, delivery_street, delivery_city,
                    delivery_postal_code, delivery_country)
VALUES (1, 'ORD-2026-00001', 'Jan Wiśniewski', 'jan.wisniewski1@mail.test', '+48 667 512 813', 'SHIPPED', 'PAID',
        918.66, '2026-04-06 21:31:00', '2026-04-12 04:15:00', '2026-04-06 22:34:00', NULL, 'ul. Leśna 99/30', 'Kraków',
        '31-704', 'Polska'),
       (2, 'ORD-2026-00002', 'Piotr Szymański', 'piotr.szymanski3@demo.local', '+48 598 530 780', 'DELIVERED', 'PAID',
        719.95, '2026-02-23 19:54:00', '2026-03-04 09:54:00', '2026-02-23 23:00:00', NULL, 'ul. Słoneczna 37/53',
        'Wrocław', '50-507', 'Polska'),
       (3, 'ORD-2026-00003', 'Michał Krawczyk', 'michal.krawczyk5@mail.test', '+48 589 730 682', 'DELIVERED', 'PAID',
        1199.00, '2026-02-25 12:06:00', '2026-03-06 00:26:00', '2026-02-25 14:48:00', NULL, 'ul. Długa 125/70',
        'Poznań', '60-800', 'Polska'),
       (4, 'ORD-2026-00004', 'Tomasz Kowalski', 'tomasz.kowalski7@demo.local', '+48 500 411 393', 'CANCELLED',
        'CANCELLED', 738.78, '2026-06-03 20:54:00', '2026-06-16 10:00:00', NULL, '2026-06-04 09:54:00',
        'ul. Krótka 114/22', 'Gdańsk', '80-483', 'Polska'),
       (5, 'ORD-2026-00005', 'Paweł Lewandowski', 'pawel.lewandowski9@mail.test', '+48 796 721 770', 'PAID', 'PAID',
        1466.96, '2026-04-08 20:24:00', '2026-04-19 01:34:00', '2026-04-08 21:10:00', NULL, 'ul. Polna 21/79', 'Łódź',
        '90-394', 'Polska'),
       (6, 'ORD-2026-00006', 'Krzysztof Jankowski', 'krzysztof.jankowski11@demo.local', '+48 726 791 318', 'NEW',
        'PENDING', 389.95, '2026-05-01 15:41:00', '2026-05-12 05:25:00', NULL, NULL, 'ul. Lipowa 65/59', 'Katowice',
        '40-402', 'Polska'),
       (7, 'ORD-2026-00007', 'Adam Pawłowski', 'adam.pawlowski13@mail.test', '+48 586 774 186', 'NEW', 'PENDING',
        2753.94, '2026-02-28 12:35:00', '2026-03-04 13:11:00', NULL, NULL, 'ul. Ogrodowa 13/78', 'Lublin', '20-743',
        'Polska'),
       (8, 'ORD-2026-00008', 'Mateusz Kowalczyk', 'mateusz.kowalczyk15@demo.local', '+48 671 195 938', 'CANCELLED',
        'CANCELLED', 2376.89, '2026-06-10 00:10:00', '2026-06-16 10:00:00', NULL, '2026-06-11 23:10:00',
        'ul. Szkolna 34/12', 'Szczecin', '70-997', 'Polska'),
       (9, 'ORD-2026-00009', 'Łukasz Dąbrowski', 'lukasz.dabrowski17@mail.test', '+48 615 925 303', 'SHIPPED', 'PAID',
        2895.98, '2026-02-19 01:07:00', '2026-02-21 10:05:00', '2026-02-19 04:40:00', NULL, 'ul. Spacerowa 124/38',
        'Białystok', '15-474', 'Polska'),
       (10, 'ORD-2026-00010', 'Bartosz Grabowski', 'bartosz.grabowski19@demo.local', '+48 625 586 725', 'DELIVERED',
        'PAID', 1646.93, '2026-06-14 01:26:00', '2026-06-15 15:49:00', '2026-06-14 04:20:00', NULL,
        'ul. Brzozowa 68/75', 'Rzeszów', '35-750', 'Polska'),
       (11, 'ORD-2026-00011', 'Dawid Wiśniewski', 'dawid.wisniewski21@mail.test', '+48 794 299 835', 'CANCELLED',
        'REFUNDED', 479.97, '2026-03-23 20:53:00', '2026-03-25 21:55:00', NULL, '2026-03-25 11:53:00',
        'ul. Akacjowa 127/15', 'Toruń', '87-238', 'Polska'),
       (12, 'ORD-2026-00012', 'Wojciech Szymański', 'wojciech.szymanski23@demo.local', '+48 624 251 771', 'SHIPPED',
        'PAID', 1497.00, '2026-03-21 10:16:00', '2026-03-29 23:53:00', '2026-03-21 13:28:00', NULL, 'ul. Jasna 40/54',
        'Olsztyn', '10-386', 'Polska'),
       (13, 'ORD-2026-00013', 'Rafał Krawczyk', 'rafal.krawczyk25@mail.test', '+48 554 897 535', 'DELIVERED', 'PAID',
        5005.98, '2026-05-18 19:32:00', '2026-05-22 06:38:00', '2026-05-18 22:29:00', NULL, 'ul. Cicha 95/70', 'Opole',
        '45-757', 'Polska'),
       (14, 'ORD-2026-00014', 'Jan Kowalski', 'jan.kowalski27@demo.local', '+48 765 575 151', 'NEW', 'PENDING', 986.98,
        '2026-05-04 02:52:00', '2026-05-16 21:05:00', NULL, NULL, 'ul. Wiosenna 18/71', 'Bydgoszcz', '85-383',
        'Polska'),
       (15, 'ORD-2026-00015', 'Piotr Lewandowski', 'piotr.lewandowski29@mail.test', '+48 562 567 236', 'CANCELLED',
        'CANCELLED', 2677.83, '2026-05-14 04:53:00', '2026-05-24 05:01:00', NULL, '2026-05-14 06:53:00',
        'ul. Zielona 92/31', 'Warszawa', '00-863', 'Polska'),
       (16, 'ORD-2026-00016', 'Michał Jankowski', 'michal.jankowski31@demo.local', '+48 786 709 424', 'SHIPPED', 'PAID',
        379.98, '2026-03-07 22:28:00', '2026-03-17 01:56:00', '2026-03-08 00:38:00', NULL, 'ul. Kwiatowa 57/79',
        'Kraków', '31-758', 'Polska'),
       (17, 'ORD-2026-00017', 'Tomasz Pawłowski', 'tomasz.pawlowski33@mail.test', '+48 758 536 950', 'NEW', 'PENDING',
        239.70, '2026-04-14 21:33:00', '2026-04-25 01:04:00', NULL, NULL, 'ul. Leśna 114/10', 'Wrocław', '50-167',
        'Polska'),
       (18, 'ORD-2026-00018', 'Paweł Kowalczyk', 'pawel.kowalczyk35@demo.local', '+48 743 560 365', 'PROCESSING',
        'PAID', 2586.94, '2026-03-25 15:25:00', '2026-04-06 01:49:00', '2026-03-25 17:59:00', NULL,
        'ul. Słoneczna 136/38', 'Poznań', '60-447', 'Polska'),
       (19, 'ORD-2026-00019', 'Krzysztof Dąbrowski', 'krzysztof.dabrowski37@mail.test', '+48 641 884 896', 'PROCESSING',
        'PAID', 1907.96, '2026-03-14 06:40:00', '2026-03-20 17:22:00', '2026-03-14 07:47:00', NULL, 'ul. Długa 96/20',
        'Gdańsk', '80-437', 'Polska'),
       (20, 'ORD-2026-00020', 'Adam Grabowski', 'adam.grabowski39@demo.local', '+48 622 381 550', 'SHIPPED', 'PAID',
        209.97, '2026-02-23 12:12:00', '2026-03-02 11:15:00', '2026-02-23 13:27:00', NULL, 'ul. Krótka 80/46', 'Łódź',
        '90-258', 'Polska'),
       (21, 'ORD-2026-00021', 'Mateusz Wiśniewski', 'mateusz.wisniewski41@mail.test', '+48 620 378 443', 'PROCESSING',
        'PAID', 434.94, '2026-06-01 22:06:00', '2026-06-10 09:13:00', '2026-06-02 01:23:00', NULL, 'ul. Polna 72/74',
        'Katowice', '40-670', 'Polska'),
       (22, 'ORD-2026-00022', 'Łukasz Szymański', 'lukasz.szymanski43@demo.local', '+48 570 254 336', 'DELIVERED',
        'PAID', 1049.94, '2026-03-22 11:43:00', '2026-03-22 17:00:00', '2026-03-22 14:44:00', NULL, 'ul. Lipowa 80/44',
        'Lublin', '20-131', 'Polska'),
       (23, 'ORD-2026-00023', 'Bartosz Krawczyk', 'bartosz.krawczyk45@mail.test', '+48 609 165 524', 'DELIVERED',
        'PAID', 1092.92, '2026-05-18 21:34:00', '2026-05-26 07:44:00', '2026-05-18 23:10:00', NULL,
        'ul. Ogrodowa 80/42', 'Szczecin', '70-216', 'Polska'),
       (24, 'ORD-2026-00024', 'Dawid Kowalski', 'dawid.kowalski47@demo.local', '+48 738 525 163', 'SHIPPED', 'PAID',
        6777.99, '2026-05-09 12:17:00', '2026-05-19 03:50:00', '2026-05-09 15:09:00', NULL, 'ul. Szkolna 79/6',
        'Białystok', '15-885', 'Polska'),
       (25, 'ORD-2026-00025', 'Wojciech Lewandowski', 'wojciech.lewandowski49@mail.test', '+48 699 888 698',
        'DELIVERED', 'PAID', 828.92, '2026-05-08 23:53:00', '2026-05-09 15:40:00', '2026-05-09 01:45:00', NULL,
        'ul. Spacerowa 45/17', 'Rzeszów', '35-570', 'Polska'),
       (26, 'ORD-2026-00026', 'Rafał Jankowski', 'rafal.jankowski51@demo.local', '+48 794 489 588', 'DELIVERED', 'PAID',
        1028.85, '2026-04-02 20:24:00', '2026-04-09 19:04:00', '2026-04-02 22:12:00', NULL, 'ul. Brzozowa 75/15',
        'Toruń', '87-510', 'Polska'),
       (27, 'ORD-2026-00027', 'Jan Pawłowski', 'jan.pawlowski53@mail.test', '+48 699 973 955', 'PROCESSING', 'PAID',
        389.97, '2026-05-06 10:39:00', '2026-05-09 21:28:00', '2026-05-06 11:24:00', NULL, 'ul. Akacjowa 20/66',
        'Olsztyn', '10-894', 'Polska'),
       (28, 'ORD-2026-00028', 'Piotr Kowalczyk', 'piotr.kowalczyk55@demo.local', '+48 779 919 717', 'PROCESSING',
        'PAID', 679.97, '2026-03-02 13:08:00', '2026-03-04 20:14:00', '2026-03-02 13:47:00', NULL, 'ul. Jasna 66/26',
        'Opole', '45-872', 'Polska'),
       (29, 'ORD-2026-00029', 'Michał Dąbrowski', 'michal.dabrowski57@mail.test', '+48 639 546 597', 'DELIVERED',
        'PAID', 4414.79, '2026-02-22 15:19:00', '2026-03-05 10:39:00', '2026-02-22 19:02:00', NULL, 'ul. Cicha 81/20',
        'Bydgoszcz', '85-562', 'Polska'),
       (30, 'ORD-2026-00030', 'Tomasz Grabowski', 'tomasz.grabowski59@demo.local', '+48 707 841 269', 'NEW', 'PENDING',
        529.92, '2026-03-01 00:56:00', '2026-03-11 03:35:00', NULL, NULL, 'ul. Wiosenna 130/50', 'Warszawa', '00-561',
        'Polska'),
       (31, 'ORD-2026-00031', 'Jan Wiśniewski', 'jan.wisniewski1@mail.test', '+48 667 512 813', 'DELIVERED', 'PAID',
        2524.96, '2026-02-27 23:15:00', '2026-03-01 15:56:00', '2026-02-28 00:01:00', NULL, 'ul. Zielona 11/32',
        'Kraków', '31-153', 'Polska'),
       (32, 'ORD-2026-00032', 'Piotr Szymański', 'piotr.szymanski3@demo.local', '+48 598 530 780', 'NEW', 'PENDING',
        119.98, '2026-06-02 16:17:00', '2026-06-09 01:33:00', NULL, NULL, 'ul. Kwiatowa 39/43', 'Wrocław', '50-771',
        'Polska'),
       (33, 'ORD-2026-00033', 'Michał Krawczyk', 'michal.krawczyk5@mail.test', '+48 589 730 682', 'PAID', 'PAID',
        1387.95, '2026-03-17 07:41:00', '2026-03-25 20:22:00', '2026-03-17 11:05:00', NULL, 'ul. Leśna 85/17', 'Poznań',
        '60-179', 'Polska'),
       (34, 'ORD-2026-00034', 'Tomasz Kowalski', 'tomasz.kowalski7@demo.local', '+48 500 411 393', 'DELIVERED', 'PAID',
        1271.93, '2026-06-02 17:11:00', '2026-06-11 17:07:00', '2026-06-02 19:27:00', NULL, 'ul. Słoneczna 10/44',
        'Gdańsk', '80-554', 'Polska'),
       (35, 'ORD-2026-00035', 'Paweł Lewandowski', 'pawel.lewandowski9@mail.test', '+48 796 721 770', 'DELIVERED',
        'PAID', 2534.98, '2026-03-06 19:46:00', '2026-03-15 03:05:00', '2026-03-06 23:15:00', NULL, 'ul. Długa 121/25',
        'Łódź', '90-936', 'Polska'),
       (36, 'ORD-2026-00036', 'Krzysztof Jankowski', 'krzysztof.jankowski11@demo.local', '+48 726 791 318', 'DELIVERED',
        'PAID', 189.99, '2026-05-29 01:57:00', '2026-06-08 17:52:00', '2026-05-29 03:34:00', NULL, 'ul. Krótka 27/67',
        'Katowice', '40-379', 'Polska'),
       (37, 'ORD-2026-00037', 'Adam Pawłowski', 'adam.pawlowski13@mail.test', '+48 586 774 186', 'CANCELLED', 'FAILED',
        539.97, '2026-02-28 20:55:00', '2026-03-04 11:51:00', NULL, '2026-03-02 17:55:00', 'ul. Polna 7/54', 'Lublin',
        '20-482', 'Polska'),
       (38, 'ORD-2026-00038', 'Mateusz Kowalczyk', 'mateusz.kowalczyk15@demo.local', '+48 671 195 938', 'CANCELLED',
        'REFUNDED', 379.98, '2026-05-18 09:40:00', '2026-05-20 08:21:00', NULL, '2026-05-20 04:40:00',
        'ul. Lipowa 38/18', 'Szczecin', '70-812', 'Polska'),
       (39, 'ORD-2026-00039', 'Łukasz Dąbrowski', 'lukasz.dabrowski17@mail.test', '+48 615 925 303', 'DELIVERED',
        'PAID', 3887.93, '2026-04-15 19:21:00', '2026-04-15 21:22:00', '2026-04-15 20:28:00', NULL,
        'ul. Ogrodowa 56/20', 'Białystok', '15-956', 'Polska'),
       (40, 'ORD-2026-00040', 'Bartosz Grabowski', 'bartosz.grabowski19@demo.local', '+48 625 586 725', 'DELIVERED',
        'PAID', 249.00, '2026-06-12 13:28:00', '2026-06-16 10:00:00', '2026-06-12 14:06:00', NULL, 'ul. Szkolna 75/55',
        'Rzeszów', '35-526', 'Polska'),
       (41, 'ORD-2026-00041', 'Dawid Wiśniewski', 'dawid.wisniewski21@mail.test', '+48 794 299 835', 'DELIVERED',
        'PAID', 119.98, '2026-06-04 17:37:00', '2026-06-06 10:11:00', '2026-06-04 19:48:00', NULL,
        'ul. Spacerowa 130/71', 'Toruń', '87-750', 'Polska'),
       (42, 'ORD-2026-00042', 'Wojciech Szymański', 'wojciech.szymanski23@demo.local', '+48 624 251 771', 'CANCELLED',
        'REFUNDED', 8423.98, '2026-03-12 09:38:00', '2026-03-24 12:00:00', NULL, '2026-03-13 16:38:00',
        'ul. Brzozowa 27/75', 'Olsztyn', '10-279', 'Polska'),
       (43, 'ORD-2026-00043', 'Rafał Krawczyk', 'rafal.krawczyk25@mail.test', '+48 554 897 535', 'CANCELLED',
        'REFUNDED', 269.97, '2026-03-27 04:09:00', '2026-03-29 06:54:00', NULL, '2026-03-29 15:09:00',
        'ul. Akacjowa 10/38', 'Opole', '45-417', 'Polska'),
       (44, 'ORD-2026-00044', 'Jan Kowalski', 'jan.kowalski27@demo.local', '+48 765 575 151', 'CANCELLED', 'CANCELLED',
        689.93, '2026-04-16 01:58:00', '2026-04-28 22:10:00', NULL, '2026-04-17 14:58:00', 'ul. Jasna 92/7',
        'Bydgoszcz', '85-550', 'Polska'),
       (45, 'ORD-2026-00045', 'Piotr Lewandowski', 'piotr.lewandowski29@mail.test', '+48 562 567 236', 'PROCESSING',
        'PAID', 99.99, '2026-05-22 18:16:00', '2026-05-30 06:15:00', '2026-05-22 21:42:00', NULL, 'ul. Cicha 133/35',
        'Warszawa', '00-716', 'Polska'),
       (46, 'ORD-2026-00046', 'Michał Jankowski', 'michal.jankowski31@demo.local', '+48 786 709 424', 'SHIPPED', 'PAID',
        6533.99, '2026-05-05 06:55:00', '2026-05-11 04:13:00', '2026-05-05 08:15:00', NULL, 'ul. Wiosenna 115/78',
        'Kraków', '31-787', 'Polska'),
       (47, 'ORD-2026-00047', 'Tomasz Pawłowski', 'tomasz.pawlowski33@mail.test', '+48 758 536 950', 'PROCESSING',
        'PAID', 3916.98, '2026-03-04 10:17:00', '2026-03-06 10:26:00', '2026-03-04 13:56:00', NULL, 'ul. Zielona 113/5',
        'Wrocław', '50-680', 'Polska'),
       (48, 'ORD-2026-00048', 'Paweł Kowalczyk', 'pawel.kowalczyk35@demo.local', '+48 743 560 365', 'DELIVERED', 'PAID',
        1197.89, '2026-03-20 19:37:00', '2026-03-26 10:25:00', '2026-03-20 19:58:00', NULL, 'ul. Kwiatowa 36/68',
        'Poznań', '60-496', 'Polska'),
       (49, 'ORD-2026-00049', 'Krzysztof Dąbrowski', 'krzysztof.dabrowski37@mail.test', '+48 641 884 896', 'PROCESSING',
        'PAID', 2499.00, '2026-05-12 11:32:00', '2026-05-16 06:50:00', '2026-05-12 14:31:00', NULL, 'ul. Leśna 126/26',
        'Gdańsk', '80-276', 'Polska'),
       (50, 'ORD-2026-00050', 'Adam Grabowski', 'adam.grabowski39@demo.local', '+48 622 381 550', 'CANCELLED',
        'CANCELLED', 1635.99, '2026-02-26 23:18:00', '2026-03-04 21:22:00', NULL, '2026-03-01 22:18:00',
        'ul. Słoneczna 139/38', 'Łódź', '90-305', 'Polska');

INSERT INTO order_items (id, order_id, product_id, product_sku, product_name, quantity, unit_price, line_total)
VALUES (1, 1, 6, 'ELEC-006', 'Ładowarka sieciowa USB-C 65W', 2, 89.99, 179.98),
       (2, 1, 41, 'BOOK-003', 'Algorytmy i struktury danych', 3, 119.90, 359.70),
       (3, 1, 61, 'GARD-005', 'Donica balkonowa Terra 60cm', 2, 39.99, 79.98),
       (4, 1, 49, 'GAME-005', 'Słuchawki gamingowe HeadShot Pro', 1, 299.00, 299.00),
       (5, 2, 10, 'COMP-003', 'Klawiatura mechaniczna KeyStorm RGB', 2, 299.99, 599.98),
       (6, 2, 61, 'GARD-005', 'Donica balkonowa Terra 60cm', 3, 39.99, 119.97),
       (7, 3, 9, 'COMP-002', 'Monitor ViewMax 27 QHD', 1, 1199.00, 1199.00),
       (8, 4, 4, 'ELEC-004', 'Kamera sportowa ActionCam 4K', 1, 399.00, 399.00),
       (9, 4, 6, 'ELEC-006', 'Ładowarka sieciowa USB-C 65W', 2, 89.99, 179.98),
       (10, 4, 42, 'BOOK-004', 'Frontend bez tajemnic', 2, 79.90, 159.80),
       (11, 5, 31, 'FASH-005', 'Plecak miejski CityPack 20L', 2, 159.99, 319.98),
       (12, 5, 64, 'OFFICE-002', 'Biurko komputerowe WorkDesk 120', 2, 399.00, 798.00),
       (13, 5, 19, 'PHONE-005', 'Uchwyt samochodowy MagHold', 2, 59.99, 119.98),
       (14, 5, 30, 'FASH-004', 'Sneakersy StreetRun', 1, 229.00, 229.00),
       (15, 6, 26, 'HOME-006', 'Lampka biurkowa LED Flexi', 1, 89.99, 89.99),
       (16, 6, 50, 'GAME-006', 'Podkładka gamingowa XL', 2, 59.99, 119.98),
       (17, 6, 62, 'GARD-006', 'Zestaw narzędzi ogrodowych 5w1', 2, 89.99, 179.98),
       (18, 7, 37, 'SPORT-005', 'Śpiwór TrekWarm', 3, 189.99, 569.97),
       (19, 7, 30, 'FASH-004', 'Sneakersy StreetRun', 3, 229.00, 687.00),
       (20, 7, 46, 'GAME-002', 'Pad bezprzewodowy GameBox Controller', 3, 249.00, 747.00),
       (21, 7, 29, 'FASH-003', 'Kurtka softshell TrekLight', 3, 249.99, 749.97),
       (22, 8, 42, 'BOOK-004', 'Frontend bez tajemnic', 1, 79.90, 79.90),
       (23, 8, 54, 'BEAUTY-004', 'Masażer karku RelaxNeck', 1, 199.99, 199.99),
       (24, 8, 23, 'HOME-003', 'Odkurzacz pionowy CleanStick', 3, 699.00, 2097.00),
       (25, 9, 15, 'PHONE-001', 'Smartfon Pixelio A55 128GB', 1, 1399.00, 1399.00),
       (26, 9, 60, 'GARD-004', 'Grill węglowy FamilyGrill', 3, 299.00, 897.00),
       (27, 9, 10, 'COMP-003', 'Klawiatura mechaniczna KeyStorm RGB', 2, 299.99, 599.98),
       (28, 10, 48, 'GAME-004', 'Gra Farm Manager 2026', 1, 179.99, 179.99),
       (29, 10, 14, 'COMP-007', 'Hub USB-C 8w1 DockLite', 3, 219.99, 659.97),
       (30, 10, 30, 'FASH-004', 'Sneakersy StreetRun', 3, 229.00, 687.00),
       (31, 10, 61, 'GARD-005', 'Donica balkonowa Terra 60cm', 3, 39.99, 119.97),
       (32, 11, 31, 'FASH-005', 'Plecak miejski CityPack 20L', 3, 159.99, 479.97),
       (33, 12, 63, 'OFFICE-001', 'Fotel biurowy ComfortSeat', 3, 499.00, 1497.00),
       (34, 13, 8, 'COMP-001', 'Laptop NovaBook 14 i5 16GB 512GB', 1, 3299.00, 3299.00),
       (35, 13, 51, 'BEAUTY-001', 'Szczoteczka soniczna SmilePro', 2, 179.99, 359.98),
       (36, 13, 36, 'SPORT-004', 'Namiot turystyczny CampEasy 3', 3, 449.00, 1347.00),
       (37, 14, 28, 'FASH-002', 'Bluza z kapturem Urban Hoodie', 2, 149.99, 299.98),
       (38, 14, 30, 'FASH-004', 'Sneakersy StreetRun', 3, 229.00, 687.00),
       (39, 15, 42, 'BOOK-004', 'Frontend bez tajemnic', 1, 79.90, 79.90),
       (40, 15, 3, 'ELEC-003', 'Powerbank 20000 mAh VoltPro', 3, 139.99, 419.97),
       (41, 15, 23, 'HOME-003', 'Odkurzacz pionowy CleanStick', 2, 699.00, 1398.00),
       (42, 15, 34, 'SPORT-002', 'Hantle regulowane 2x10kg', 3, 249.99, 749.97),
       (43, 15, 7, 'ELEC-007', 'Kabel USB-C 2m nylonowy', 1, 29.99, 29.99),
       (44, 16, 67, 'OFFICE-005', 'Niszczarka dokumentów SafeCut', 2, 189.99, 379.98),
       (45, 17, 42, 'BOOK-004', 'Frontend bez tajemnic', 3, 79.90, 239.70),
       (46, 18, 65, 'OFFICE-003', 'Organizer biurkowy DeskBox', 3, 39.99, 119.97),
       (47, 18, 56, 'BEAUTY-006', 'Lusterko LED BeautyMirror', 3, 69.99, 209.97),
       (48, 18, 13, 'COMP-006', 'Router WiFi 6 NetWave AX3000', 2, 429.00, 858.00),
       (49, 18, 15, 'PHONE-001', 'Smartfon Pixelio A55 128GB', 1, 1399.00, 1399.00),
       (50, 19, 9, 'COMP-002', 'Monitor ViewMax 27 QHD', 1, 1199.00, 1199.00),
       (51, 19, 12, 'COMP-005', 'Dysk SSD FastDrive 1TB', 1, 349.00, 349.00),
       (52, 19, 11, 'COMP-004', 'Mysz ergonomiczna ErgoMouse M7', 1, 149.99, 149.99),
       (53, 19, 56, 'BEAUTY-006', 'Lusterko LED BeautyMirror', 3, 69.99, 209.97),
       (54, 20, 74, 'KIDS-006', 'Zestaw plastyczny ArtBox', 3, 69.99, 209.97),
       (55, 21, 55, 'BEAUTY-005', 'Waga łazienkowa SmartScale', 3, 99.99, 299.97),
       (56, 21, 72, 'KIDS-004', 'Puzzle edukacyjne Mapa Świata', 3, 44.99, 134.97),
       (57, 22, 1, 'ELEC-001', 'Słuchawki bezprzewodowe AirSound X1', 3, 249.99, 749.97),
       (58, 22, 24, 'HOME-004', 'Czajnik elektryczny SteelHeat 1.7L', 2, 119.99, 239.98),
       (59, 22, 19, 'PHONE-005', 'Uchwyt samochodowy MagHold', 1, 59.99, 59.99),
       (60, 23, 11, 'COMP-004', 'Mysz ergonomiczna ErgoMouse M7', 2, 149.99, 299.98),
       (61, 23, 7, 'ELEC-007', 'Kabel USB-C 2m nylonowy', 2, 29.99, 59.98),
       (62, 23, 20, 'PHONE-006', 'Ładowarka indukcyjna QiPad 15W', 3, 79.99, 239.97),
       (63, 23, 21, 'HOME-001', 'Ekspres przelewowy AromaPlus', 2, 229.00, 458.00),
       (64, 23, 35, 'SPORT-003', 'Bidon sportowy Hydro 750ml', 1, 34.99, 34.99),
       (65, 24, 51, 'BEAUTY-001', 'Szczoteczka soniczna SmilePro', 1, 179.99, 179.99),
       (66, 24, 8, 'COMP-001', 'Laptop NovaBook 14 i5 16GB 512GB', 2, 3299.00, 6598.00),
       (67, 25, 69, 'KIDS-001', 'Klocki konstrukcyjne BuildFun 500', 3, 129.99, 389.97),
       (68, 25, 30, 'FASH-004', 'Sneakersy StreetRun', 1, 229.00, 229.00),
       (69, 25, 65, 'OFFICE-003', 'Organizer biurkowy DeskBox', 3, 39.99, 119.97),
       (70, 25, 72, 'KIDS-004', 'Puzzle edukacyjne Mapa Świata', 2, 44.99, 89.98),
       (71, 26, 3, 'ELEC-003', 'Powerbank 20000 mAh VoltPro', 3, 139.99, 419.97),
       (72, 26, 42, 'BOOK-004', 'Frontend bez tajemnic', 1, 79.90, 79.90),
       (73, 26, 22, 'HOME-002', 'Blender kielichowy MixMaster 1200W', 1, 289.00, 289.00),
       (74, 26, 59, 'GARD-003', 'Wąż ogrodowy 30m AquaFlex', 2, 119.99, 239.98),
       (75, 27, 68, 'OFFICE-006', 'Tablica magnetyczna 90x60', 3, 129.99, 389.97),
       (76, 28, 20, 'PHONE-006', 'Ładowarka indukcyjna QiPad 15W', 1, 79.99, 79.99),
       (77, 28, 10, 'COMP-003', 'Klawiatura mechaniczna KeyStorm RGB', 2, 299.99, 599.98),
       (78, 29, 9, 'COMP-002', 'Monitor ViewMax 27 QHD', 2, 1199.00, 2398.00),
       (79, 29, 61, 'GARD-005', 'Donica balkonowa Terra 60cm', 1, 39.99, 39.99),
       (80, 29, 57, 'GARD-001', 'Kosiarka elektryczna GreenCut 1600W', 3, 599.00, 1797.00),
       (81, 29, 39, 'BOOK-001', 'Czysty Kod w Praktyce', 2, 89.90, 179.80),
       (82, 30, 71, 'KIDS-003', 'Lampka nocna StarLight', 3, 59.99, 179.97),
       (83, 30, 6, 'ELEC-006', 'Ładowarka sieciowa USB-C 65W', 2, 89.99, 179.98),
       (84, 30, 58, 'GARD-002', 'Sekator ogrodowy SharpGarden', 2, 49.99, 99.98),
       (85, 30, 74, 'KIDS-006', 'Zestaw plastyczny ArtBox', 1, 69.99, 69.99),
       (86, 31, 57, 'GARD-001', 'Kosiarka elektryczna GreenCut 1600W', 2, 599.00, 1198.00),
       (87, 31, 68, 'OFFICE-006', 'Tablica magnetyczna 90x60', 2, 129.99, 259.98),
       (88, 31, 67, 'OFFICE-005', 'Niszczarka dokumentów SafeCut', 2, 189.99, 379.98),
       (89, 31, 21, 'HOME-001', 'Ekspres przelewowy AromaPlus', 3, 229.00, 687.00),
       (90, 32, 19, 'PHONE-005', 'Uchwyt samochodowy MagHold', 2, 59.99, 119.98),
       (91, 33, 12, 'COMP-005', 'Dysk SSD FastDrive 1TB', 2, 349.00, 698.00),
       (92, 33, 55, 'BEAUTY-005', 'Waga łazienkowa SmartScale', 1, 99.99, 99.99),
       (93, 33, 66, 'OFFICE-004', 'Papier ksero A4 5 ryz', 2, 99.99, 199.98),
       (94, 33, 47, 'GAME-003', 'Gra Space Raiders', 1, 249.99, 249.99),
       (95, 33, 3, 'ELEC-003', 'Powerbank 20000 mAh VoltPro', 1, 139.99, 139.99),
       (96, 34, 17, 'PHONE-003', 'Szkło hartowane 9H do Pixelio A55', 3, 24.99, 74.97),
       (97, 34, 49, 'GAME-005', 'Słuchawki gamingowe HeadShot Pro', 1, 299.00, 299.00),
       (98, 34, 20, 'PHONE-006', 'Ładowarka indukcyjna QiPad 15W', 1, 79.99, 79.99),
       (99, 34, 21, 'HOME-001', 'Ekspres przelewowy AromaPlus', 2, 229.00, 458.00),
       (100, 34, 24, 'HOME-004', 'Czajnik elektryczny SteelHeat 1.7L', 3, 119.99, 359.97),
       (101, 35, 74, 'KIDS-006', 'Zestaw plastyczny ArtBox', 2, 69.99, 139.98),
       (102, 35, 57, 'GARD-001', 'Kosiarka elektryczna GreenCut 1600W', 3, 599.00, 1797.00),
       (103, 35, 60, 'GARD-004', 'Grill węglowy FamilyGrill', 2, 299.00, 598.00),
       (104, 36, 37, 'SPORT-005', 'Śpiwór TrekWarm', 1, 189.99, 189.99),
       (105, 37, 51, 'BEAUTY-001', 'Szczoteczka soniczna SmilePro', 3, 179.99, 539.97),
       (106, 38, 37, 'SPORT-005', 'Śpiwór TrekWarm', 2, 189.99, 379.98),
       (107, 39, 68, 'OFFICE-006', 'Tablica magnetyczna 90x60', 2, 129.99, 259.98),
       (108, 39, 55, 'BEAUTY-005', 'Waga łazienkowa SmartScale', 1, 99.99, 99.99),
       (109, 39, 15, 'PHONE-001', 'Smartfon Pixelio A55 128GB', 2, 1399.00, 2798.00),
       (110, 39, 37, 'SPORT-005', 'Śpiwór TrekWarm', 3, 189.99, 569.97),
       (111, 39, 31, 'FASH-005', 'Plecak miejski CityPack 20L', 1, 159.99, 159.99),
       (112, 40, 46, 'GAME-002', 'Pad bezprzewodowy GameBox Controller', 1, 249.00, 249.00),
       (113, 41, 50, 'GAME-006', 'Podkładka gamingowa XL', 2, 59.99, 119.98),
       (114, 42, 18, 'PHONE-004', 'Smartfon GalaxyWay S20 256GB', 3, 2499.00, 7497.00),
       (115, 42, 6, 'ELEC-006', 'Ładowarka sieciowa USB-C 65W', 2, 89.99, 179.98),
       (116, 42, 46, 'GAME-002', 'Pad bezprzewodowy GameBox Controller', 3, 249.00, 747.00),
       (117, 43, 6, 'ELEC-006', 'Ładowarka sieciowa USB-C 65W', 1, 89.99, 89.99),
       (118, 43, 26, 'HOME-006', 'Lampka biurkowa LED Flexi', 2, 89.99, 179.98),
       (119, 44, 35, 'SPORT-003', 'Bidon sportowy Hydro 750ml', 2, 34.99, 69.98),
       (120, 44, 16, 'PHONE-002', 'Etui silikonowe do Pixelio A55', 2, 39.99, 79.98),
       (121, 44, 48, 'GAME-004', 'Gra Farm Manager 2026', 3, 179.99, 539.97),
       (122, 45, 55, 'BEAUTY-005', 'Waga łazienkowa SmartScale', 1, 99.99, 99.99),
       (123, 46, 22, 'HOME-002', 'Blender kielichowy MixMaster 1200W', 1, 289.00, 289.00),
       (124, 46, 57, 'GARD-001', 'Kosiarka elektryczna GreenCut 1600W', 3, 599.00, 1797.00),
       (125, 46, 45, 'GAME-001', 'Konsola GameBox X', 2, 2199.00, 4398.00),
       (126, 46, 58, 'GARD-002', 'Sekator ogrodowy SharpGarden', 1, 49.99, 49.99),
       (127, 47, 9, 'COMP-002', 'Monitor ViewMax 27 QHD', 3, 1199.00, 3597.00),
       (128, 47, 31, 'FASH-005', 'Plecak miejski CityPack 20L', 2, 159.99, 319.98),
       (129, 48, 51, 'BEAUTY-001', 'Szczoteczka soniczna SmilePro', 1, 179.99, 179.99),
       (130, 48, 41, 'BOOK-003', 'Algorytmy i struktury danych', 1, 119.90, 119.90),
       (131, 48, 36, 'SPORT-004', 'Namiot turystyczny CampEasy 3', 2, 449.00, 898.00),
       (132, 49, 18, 'PHONE-004', 'Smartfon GalaxyWay S20 256GB', 1, 2499.00, 2499.00),
       (133, 50, 21, 'HOME-001', 'Ekspres przelewowy AromaPlus', 3, 229.00, 687.00),
       (134, 50, 23, 'HOME-003', 'Odkurzacz pionowy CleanStick', 1, 699.00, 699.00),
       (135, 50, 47, 'GAME-003', 'Gra Space Raiders', 1, 249.99, 249.99);

INSERT INTO payments (id, order_id, provider, status, amount, external_payment_id, failure_reason, created_at,
                      updated_at)
VALUES (1, 1, 'MOCK', 'PAID', 918.66, 'PAY-PAYPAL-000001', NULL, '2026-04-06 21:31:00', '2026-04-12 04:15:00'),
       (2, 2, 'MOCK', 'PAID', 719.95, 'PAY-CARD-000002', NULL, '2026-02-23 19:54:00', '2026-03-04 09:54:00'),
       (3, 3, 'MOCK', 'PAID', 1199.00, 'PAY-PAYPAL-000003', NULL, '2026-02-25 12:06:00', '2026-03-06 00:26:00'),
       (4, 4, 'MOCK', 'CANCELLED', 738.78, NULL, 'Zamówienie anulowane przed opłaceniem', '2026-06-03 20:54:00',
        '2026-06-16 10:00:00'),
       (5, 5, 'MOCK', 'PAID', 1466.96, 'PAY-BLIK-000005', NULL, '2026-04-08 20:24:00', '2026-04-19 01:34:00'),
       (6, 6, 'MOCK', 'PENDING', 389.95, NULL, NULL, '2026-05-01 15:41:00', '2026-05-12 05:25:00'),
       (7, 7, 'MOCK', 'PENDING', 2753.94, NULL, NULL, '2026-02-28 12:35:00', '2026-03-04 13:11:00'),
       (8, 8, 'MOCK', 'CANCELLED', 2376.89, NULL, 'Zamówienie anulowane przed opłaceniem', '2026-06-10 00:10:00',
        '2026-06-16 10:00:00'),
       (9, 9, 'MOCK', 'PAID', 2895.98, 'PAY-CARD-000009', NULL, '2026-02-19 01:07:00', '2026-02-21 10:05:00'),
       (10, 10, 'MOCK', 'PAID', 1646.93, 'PAY-BANK_TRANSFER-000010', NULL, '2026-06-14 01:26:00',
        '2026-06-15 15:49:00'),
       (11, 11, 'MOCK', 'REFUNDED', 479.97, 'PAY-BANK_TRANSFER-000011', NULL, '2026-03-23 20:53:00',
        '2026-03-25 21:55:00'),
       (12, 12, 'MOCK', 'PAID', 1497.00, 'PAY-CARD-000012', NULL, '2026-03-21 10:16:00', '2026-03-29 23:53:00'),
       (13, 13, 'MOCK', 'PAID', 5005.98, 'PAY-CARD-000013', NULL, '2026-05-18 19:32:00', '2026-05-22 06:38:00'),
       (14, 14, 'MOCK', 'PENDING', 986.98, NULL, NULL, '2026-05-04 02:52:00', '2026-05-16 21:05:00'),
       (15, 15, 'MOCK', 'CANCELLED', 2677.83, NULL, 'Zamówienie anulowane przed opłaceniem', '2026-05-14 04:53:00',
        '2026-05-24 05:01:00'),
       (16, 16, 'MOCK', 'PAID', 379.98, 'PAY-CARD-000016', NULL, '2026-03-07 22:28:00', '2026-03-17 01:56:00'),
       (17, 17, 'MOCK', 'PENDING', 239.70, NULL, NULL, '2026-04-14 21:33:00', '2026-04-25 01:04:00'),
       (18, 18, 'MOCK', 'PAID', 2586.94, 'PAY-BANK_TRANSFER-000018', NULL, '2026-03-25 15:25:00',
        '2026-04-06 01:49:00'),
       (19, 19, 'MOCK', 'PAID', 1907.96, 'PAY-CARD-000019', NULL, '2026-03-14 06:40:00', '2026-03-20 17:22:00'),
       (20, 20, 'MOCK', 'PAID', 209.97, 'PAY-BANK_TRANSFER-000020', NULL, '2026-02-23 12:12:00', '2026-03-02 11:15:00'),
       (21, 21, 'MOCK', 'PAID', 434.94, 'PAY-CARD-000021', NULL, '2026-06-01 22:06:00', '2026-06-10 09:13:00'),
       (22, 22, 'MOCK', 'PAID', 1049.94, 'PAY-CARD-000022', NULL, '2026-03-22 11:43:00', '2026-03-22 17:00:00'),
       (23, 23, 'MOCK', 'PAID', 1092.92, 'PAY-PAYPAL-000023', NULL, '2026-05-18 21:34:00', '2026-05-26 07:44:00'),
       (24, 24, 'MOCK', 'PAID', 6777.99, 'PAY-BLIK-000024', NULL, '2026-05-09 12:17:00', '2026-05-19 03:50:00'),
       (25, 25, 'MOCK', 'PAID', 828.92, 'PAY-CARD-000025', NULL, '2026-05-08 23:53:00', '2026-05-09 15:40:00'),
       (26, 26, 'MOCK', 'PAID', 1028.85, 'PAY-CARD-000026', NULL, '2026-04-02 20:24:00', '2026-04-09 19:04:00'),
       (27, 27, 'MOCK', 'PAID', 389.97, 'PAY-PAYPAL-000027', NULL, '2026-05-06 10:39:00', '2026-05-09 21:28:00'),
       (28, 28, 'MOCK', 'PAID', 679.97, 'PAY-BANK_TRANSFER-000028', NULL, '2026-03-02 13:08:00', '2026-03-04 20:14:00'),
       (29, 29, 'MOCK', 'PAID', 4414.79, 'PAY-CARD-000029', NULL, '2026-02-22 15:19:00', '2026-03-05 10:39:00'),
       (30, 30, 'MOCK', 'PENDING', 529.92, NULL, NULL, '2026-03-01 00:56:00', '2026-03-11 03:35:00'),
       (31, 31, 'MOCK', 'PAID', 2524.96, 'PAY-PAYPAL-000031', NULL, '2026-02-27 23:15:00', '2026-03-01 15:56:00'),
       (32, 32, 'MOCK', 'PENDING', 119.98, NULL, NULL, '2026-06-02 16:17:00', '2026-06-09 01:33:00'),
       (33, 33, 'MOCK', 'PAID', 1387.95, 'PAY-PAYPAL-000033', NULL, '2026-03-17 07:41:00', '2026-03-25 20:22:00'),
       (34, 34, 'MOCK', 'PAID', 1271.93, 'PAY-PAYPAL-000034', NULL, '2026-06-02 17:11:00', '2026-06-11 17:07:00'),
       (35, 35, 'MOCK', 'PAID', 2534.98, 'PAY-BLIK-000035', NULL, '2026-03-06 19:46:00', '2026-03-15 03:05:00'),
       (36, 36, 'MOCK', 'PAID', 189.99, 'PAY-BANK_TRANSFER-000036', NULL, '2026-05-29 01:57:00', '2026-06-08 17:52:00'),
       (37, 37, 'MOCK', 'FAILED', 539.97, 'PAY-BLIK-000037', 'Limit transakcji został przekroczony',
        '2026-02-28 20:55:00', '2026-03-04 11:51:00'),
       (38, 38, 'MOCK', 'REFUNDED', 379.98, 'PAY-BLIK-000038', NULL, '2026-05-18 09:40:00', '2026-05-20 08:21:00'),
       (39, 39, 'MOCK', 'PAID', 3887.93, 'PAY-BANK_TRANSFER-000039', NULL, '2026-04-15 19:21:00',
        '2026-04-15 21:22:00'),
       (40, 40, 'MOCK', 'PAID', 249.00, 'PAY-BLIK-000040', NULL, '2026-06-12 13:28:00', '2026-06-16 10:00:00'),
       (41, 41, 'MOCK', 'PAID', 119.98, 'PAY-BANK_TRANSFER-000041', NULL, '2026-06-04 17:37:00', '2026-06-06 10:11:00'),
       (42, 42, 'MOCK', 'REFUNDED', 8423.98, 'PAY-BANK_TRANSFER-000042', NULL, '2026-03-12 09:38:00',
        '2026-03-24 12:00:00'),
       (43, 43, 'MOCK', 'REFUNDED', 269.97, 'PAY-BANK_TRANSFER-000043', NULL, '2026-03-27 04:09:00',
        '2026-03-29 06:54:00'),
       (44, 44, 'MOCK', 'CANCELLED', 689.93, NULL, 'Zamówienie anulowane przed opłaceniem', '2026-04-16 01:58:00',
        '2026-04-28 22:10:00'),
       (45, 45, 'MOCK', 'PAID', 99.99, 'PAY-BLIK-000045', NULL, '2026-05-22 18:16:00', '2026-05-30 06:15:00'),
       (46, 46, 'MOCK', 'PAID', 6533.99, 'PAY-BANK_TRANSFER-000046', NULL, '2026-05-05 06:55:00',
        '2026-05-11 04:13:00'),
       (47, 47, 'MOCK', 'PAID', 3916.98, 'PAY-CARD-000047', NULL, '2026-03-04 10:17:00', '2026-03-06 10:26:00'),
       (48, 48, 'MOCK', 'PAID', 1197.89, 'PAY-CARD-000048', NULL, '2026-03-20 19:37:00', '2026-03-26 10:25:00'),
       (49, 49, 'MOCK', 'PAID', 2499.00, 'PAY-BANK_TRANSFER-000049', NULL, '2026-05-12 11:32:00',
        '2026-05-16 06:50:00'),
       (50, 50, 'MOCK', 'CANCELLED', 1635.99, NULL, 'Zamówienie anulowane przed opłaceniem', '2026-02-26 23:18:00',
        '2026-03-04 21:22:00');

INSERT INTO stock_movements (id, product_id, product_sku, type, quantity, reason, order_number, created_at)
VALUES (1, 6, 'ELEC-006', 'SALE_COMMITTED', -2, 'Realizacja pozycji zamówienia ORD-2026-00001', 'ORD-2026-00001',
        '2026-04-07 00:21:00'),
       (2, 41, 'BOOK-003', 'SALE_COMMITTED', -3, 'Realizacja pozycji zamówienia ORD-2026-00001', 'ORD-2026-00001',
        '2026-04-06 22:10:00'),
       (3, 61, 'GARD-005', 'SALE_COMMITTED', -2, 'Realizacja pozycji zamówienia ORD-2026-00001', 'ORD-2026-00001',
        '2026-04-06 21:41:00'),
       (4, 49, 'GAME-005', 'SALE_COMMITTED', -1, 'Realizacja pozycji zamówienia ORD-2026-00001', 'ORD-2026-00001',
        '2026-04-06 23:40:00'),
       (5, 10, 'COMP-003', 'SALE_COMMITTED', -2, 'Realizacja pozycji zamówienia ORD-2026-00002', 'ORD-2026-00002',
        '2026-02-23 21:21:00'),
       (6, 61, 'GARD-005', 'SALE_COMMITTED', -3, 'Realizacja pozycji zamówienia ORD-2026-00002', 'ORD-2026-00002',
        '2026-02-23 22:52:00'),
       (7, 9, 'COMP-002', 'SALE_COMMITTED', -1, 'Realizacja pozycji zamówienia ORD-2026-00003', 'ORD-2026-00003',
        '2026-02-25 14:48:00'),
       (8, 4, 'ELEC-004', 'RESERVATION_RELEASED', 1, 'Zwolnienie rezerwacji po anulowaniu ORD-2026-00004', 'ORD-2026-00004',
        '2026-06-04 09:54:00'),
       (9, 6, 'ELEC-006', 'RESERVATION_RELEASED', 2, 'Zwolnienie rezerwacji po anulowaniu ORD-2026-00004', 'ORD-2026-00004',
        '2026-06-04 09:54:00'),
       (10, 42, 'BOOK-004', 'RESERVATION_RELEASED', 2, 'Zwolnienie rezerwacji po anulowaniu ORD-2026-00004', 'ORD-2026-00004',
        '2026-06-04 09:54:00'),
       (11, 31, 'FASH-005', 'SALE_COMMITTED', -2, 'Realizacja pozycji zamówienia ORD-2026-00005', 'ORD-2026-00005',
        '2026-04-08 23:08:00'),
       (12, 64, 'OFFICE-002', 'SALE_COMMITTED', -2, 'Realizacja pozycji zamówienia ORD-2026-00005', 'ORD-2026-00005',
        '2026-04-08 22:22:00'),
       (13, 19, 'PHONE-005', 'SALE_COMMITTED', -2, 'Realizacja pozycji zamówienia ORD-2026-00005', 'ORD-2026-00005',
        '2026-04-08 23:15:00'),
       (14, 30, 'FASH-004', 'SALE_COMMITTED', -1, 'Realizacja pozycji zamówienia ORD-2026-00005', 'ORD-2026-00005',
        '2026-04-08 22:24:00'),
       (15, 26, 'HOME-006', 'RESERVATION_CREATED', -1, 'Rezerwacja towaru dla zamówienia ORD-2026-00006', 'ORD-2026-00006',
        '2026-05-01 16:42:00'),
       (16, 50, 'GAME-006', 'RESERVATION_CREATED', -2, 'Rezerwacja towaru dla zamówienia ORD-2026-00006', 'ORD-2026-00006',
        '2026-05-01 18:08:00'),
       (17, 62, 'GARD-006', 'RESERVATION_CREATED', -2, 'Rezerwacja towaru dla zamówienia ORD-2026-00006', 'ORD-2026-00006',
        '2026-05-01 18:09:00'),
       (18, 37, 'SPORT-005', 'RESERVATION_CREATED', -3, 'Rezerwacja towaru dla zamówienia ORD-2026-00007', 'ORD-2026-00007',
        '2026-02-28 13:24:00'),
       (19, 30, 'FASH-004', 'RESERVATION_CREATED', -3, 'Rezerwacja towaru dla zamówienia ORD-2026-00007', 'ORD-2026-00007',
        '2026-02-28 13:40:00'),
       (20, 46, 'GAME-002', 'RESERVATION_CREATED', -3, 'Rezerwacja towaru dla zamówienia ORD-2026-00007', 'ORD-2026-00007',
        '2026-02-28 15:24:00'),
       (21, 29, 'FASH-003', 'RESERVATION_CREATED', -3, 'Rezerwacja towaru dla zamówienia ORD-2026-00007', 'ORD-2026-00007',
        '2026-02-28 13:11:00'),
       (22, 42, 'BOOK-004', 'RESERVATION_RELEASED', 1, 'Zwolnienie rezerwacji po anulowaniu ORD-2026-00008', 'ORD-2026-00008',
        '2026-06-11 23:10:00'),
       (23, 54, 'BEAUTY-004', 'RESERVATION_RELEASED', 1, 'Zwolnienie rezerwacji po anulowaniu ORD-2026-00008', 'ORD-2026-00008',
        '2026-06-11 23:10:00'),
       (24, 23, 'HOME-003', 'RESERVATION_RELEASED', 3, 'Zwolnienie rezerwacji po anulowaniu ORD-2026-00008', 'ORD-2026-00008',
        '2026-06-11 23:10:00'),
       (25, 15, 'PHONE-001', 'SALE_COMMITTED', -1, 'Realizacja pozycji zamówienia ORD-2026-00009', 'ORD-2026-00009',
        '2026-02-19 02:05:00'),
       (26, 60, 'GARD-004', 'SALE_COMMITTED', -3, 'Realizacja pozycji zamówienia ORD-2026-00009', 'ORD-2026-00009',
        '2026-02-19 04:00:00'),
       (27, 10, 'COMP-003', 'SALE_COMMITTED', -2, 'Realizacja pozycji zamówienia ORD-2026-00009', 'ORD-2026-00009',
        '2026-02-19 03:30:00'),
       (28, 48, 'GAME-004', 'SALE_COMMITTED', -1, 'Realizacja pozycji zamówienia ORD-2026-00010', 'ORD-2026-00010',
        '2026-06-14 04:05:00'),
       (29, 14, 'COMP-007', 'SALE_COMMITTED', -3, 'Realizacja pozycji zamówienia ORD-2026-00010', 'ORD-2026-00010',
        '2026-06-14 02:50:00'),
       (30, 30, 'FASH-004', 'SALE_COMMITTED', -3, 'Realizacja pozycji zamówienia ORD-2026-00010', 'ORD-2026-00010',
        '2026-06-14 02:23:00'),
       (31, 61, 'GARD-005', 'SALE_COMMITTED', -3, 'Realizacja pozycji zamówienia ORD-2026-00010', 'ORD-2026-00010',
        '2026-06-14 01:43:00'),
       (32, 31, 'FASH-005', 'RESERVATION_RELEASED', 3, 'Zwolnienie rezerwacji po anulowaniu ORD-2026-00011', 'ORD-2026-00011',
        '2026-03-25 11:53:00'),
       (33, 63, 'OFFICE-001', 'SALE_COMMITTED', -3, 'Realizacja pozycji zamówienia ORD-2026-00012', 'ORD-2026-00012',
        '2026-03-21 12:01:00'),
       (34, 8, 'COMP-001', 'SALE_COMMITTED', -1, 'Realizacja pozycji zamówienia ORD-2026-00013', 'ORD-2026-00013',
        '2026-05-18 20:04:00'),
       (35, 51, 'BEAUTY-001', 'SALE_COMMITTED', -2, 'Realizacja pozycji zamówienia ORD-2026-00013', 'ORD-2026-00013',
        '2026-05-18 19:56:00'),
       (36, 36, 'SPORT-004', 'SALE_COMMITTED', -3, 'Realizacja pozycji zamówienia ORD-2026-00013', 'ORD-2026-00013',
        '2026-05-18 20:27:00'),
       (37, 28, 'FASH-002', 'RESERVATION_CREATED', -2, 'Rezerwacja towaru dla zamówienia ORD-2026-00014', 'ORD-2026-00014',
        '2026-05-04 03:30:00'),
       (38, 30, 'FASH-004', 'RESERVATION_CREATED', -3, 'Rezerwacja towaru dla zamówienia ORD-2026-00014', 'ORD-2026-00014',
        '2026-05-04 02:53:00'),
       (39, 42, 'BOOK-004', 'RESERVATION_RELEASED', 1, 'Zwolnienie rezerwacji po anulowaniu ORD-2026-00015', 'ORD-2026-00015',
        '2026-05-14 06:53:00'),
       (40, 3, 'ELEC-003', 'RESERVATION_RELEASED', 3, 'Zwolnienie rezerwacji po anulowaniu ORD-2026-00015', 'ORD-2026-00015',
        '2026-05-14 06:53:00'),
       (41, 23, 'HOME-003', 'RESERVATION_RELEASED', 2, 'Zwolnienie rezerwacji po anulowaniu ORD-2026-00015', 'ORD-2026-00015',
        '2026-05-14 06:53:00'),
       (42, 34, 'SPORT-002', 'RESERVATION_RELEASED', 3, 'Zwolnienie rezerwacji po anulowaniu ORD-2026-00015', 'ORD-2026-00015',
        '2026-05-14 06:53:00'),
       (43, 7, 'ELEC-007', 'RESERVATION_RELEASED', 1, 'Zwolnienie rezerwacji po anulowaniu ORD-2026-00015', 'ORD-2026-00015',
        '2026-05-14 06:53:00'),
       (44, 67, 'OFFICE-005', 'SALE_COMMITTED', -2, 'Realizacja pozycji zamówienia ORD-2026-00016', 'ORD-2026-00016',
        '2026-03-08 00:26:00'),
       (45, 42, 'BOOK-004', 'RESERVATION_CREATED', -3, 'Rezerwacja towaru dla zamówienia ORD-2026-00017', 'ORD-2026-00017',
        '2026-04-14 22:11:00'),
       (46, 65, 'OFFICE-003', 'RESERVATION_CREATED', -3, 'Rezerwacja towaru dla zamówienia ORD-2026-00018', 'ORD-2026-00018',
        '2026-03-25 18:12:00'),
       (47, 56, 'BEAUTY-006', 'RESERVATION_CREATED', -3, 'Rezerwacja towaru dla zamówienia ORD-2026-00018', 'ORD-2026-00018',
        '2026-03-25 16:21:00'),
       (48, 13, 'COMP-006', 'RESERVATION_CREATED', -2, 'Rezerwacja towaru dla zamówienia ORD-2026-00018', 'ORD-2026-00018',
        '2026-03-25 17:21:00'),
       (49, 15, 'PHONE-001', 'RESERVATION_CREATED', -1, 'Rezerwacja towaru dla zamówienia ORD-2026-00018', 'ORD-2026-00018',
        '2026-03-25 17:11:00'),
       (50, 9, 'COMP-002', 'RESERVATION_CREATED', -1, 'Rezerwacja towaru dla zamówienia ORD-2026-00019', 'ORD-2026-00019',
        '2026-03-14 08:16:00'),
       (51, 12, 'COMP-005', 'RESERVATION_CREATED', -1, 'Rezerwacja towaru dla zamówienia ORD-2026-00019', 'ORD-2026-00019',
        '2026-03-14 09:03:00'),
       (52, 11, 'COMP-004', 'RESERVATION_CREATED', -1, 'Rezerwacja towaru dla zamówienia ORD-2026-00019', 'ORD-2026-00019',
        '2026-03-14 09:11:00'),
       (53, 56, 'BEAUTY-006', 'RESERVATION_CREATED', -3, 'Rezerwacja towaru dla zamówienia ORD-2026-00019', 'ORD-2026-00019',
        '2026-03-14 09:04:00'),
       (54, 74, 'KIDS-006', 'SALE_COMMITTED', -3, 'Realizacja pozycji zamówienia ORD-2026-00020', 'ORD-2026-00020',
        '2026-02-23 13:07:00'),
       (55, 55, 'BEAUTY-005', 'RESERVATION_CREATED', -3, 'Rezerwacja towaru dla zamówienia ORD-2026-00021', 'ORD-2026-00021',
        '2026-06-02 00:44:00'),
       (56, 72, 'KIDS-004', 'RESERVATION_CREATED', -3, 'Rezerwacja towaru dla zamówienia ORD-2026-00021', 'ORD-2026-00021',
        '2026-06-02 00:51:00'),
       (57, 1, 'ELEC-001', 'SALE_COMMITTED', -3, 'Realizacja pozycji zamówienia ORD-2026-00022', 'ORD-2026-00022',
        '2026-03-22 14:32:00'),
       (58, 24, 'HOME-004', 'SALE_COMMITTED', -2, 'Realizacja pozycji zamówienia ORD-2026-00022', 'ORD-2026-00022',
        '2026-03-22 12:01:00'),
       (59, 19, 'PHONE-005', 'SALE_COMMITTED', -1, 'Realizacja pozycji zamówienia ORD-2026-00022', 'ORD-2026-00022',
        '2026-03-22 14:26:00'),
       (60, 11, 'COMP-004', 'SALE_COMMITTED', -2, 'Realizacja pozycji zamówienia ORD-2026-00023', 'ORD-2026-00023',
        '2026-05-19 00:24:00'),
       (61, 7, 'ELEC-007', 'SALE_COMMITTED', -2, 'Realizacja pozycji zamówienia ORD-2026-00023', 'ORD-2026-00023',
        '2026-05-18 23:39:00'),
       (62, 20, 'PHONE-006', 'SALE_COMMITTED', -3, 'Realizacja pozycji zamówienia ORD-2026-00023', 'ORD-2026-00023',
        '2026-05-18 23:28:00'),
       (63, 21, 'HOME-001', 'SALE_COMMITTED', -2, 'Realizacja pozycji zamówienia ORD-2026-00023', 'ORD-2026-00023',
        '2026-05-18 22:44:00'),
       (64, 35, 'SPORT-003', 'SALE_COMMITTED', -1, 'Realizacja pozycji zamówienia ORD-2026-00023', 'ORD-2026-00023',
        '2026-05-18 23:46:00'),
       (65, 51, 'BEAUTY-001', 'SALE_COMMITTED', -1, 'Realizacja pozycji zamówienia ORD-2026-00024', 'ORD-2026-00024',
        '2026-05-09 13:10:00'),
       (66, 8, 'COMP-001', 'SALE_COMMITTED', -2, 'Realizacja pozycji zamówienia ORD-2026-00024', 'ORD-2026-00024',
        '2026-05-09 13:12:00'),
       (67, 69, 'KIDS-001', 'SALE_COMMITTED', -3, 'Realizacja pozycji zamówienia ORD-2026-00025', 'ORD-2026-00025',
        '2026-05-09 01:24:00'),
       (68, 30, 'FASH-004', 'SALE_COMMITTED', -1, 'Realizacja pozycji zamówienia ORD-2026-00025', 'ORD-2026-00025',
        '2026-05-09 01:35:00'),
       (69, 65, 'OFFICE-003', 'SALE_COMMITTED', -3, 'Realizacja pozycji zamówienia ORD-2026-00025', 'ORD-2026-00025',
        '2026-05-09 00:04:00'),
       (70, 72, 'KIDS-004', 'SALE_COMMITTED', -2, 'Realizacja pozycji zamówienia ORD-2026-00025', 'ORD-2026-00025',
        '2026-05-08 23:58:00'),
       (71, 3, 'ELEC-003', 'SALE_COMMITTED', -3, 'Realizacja pozycji zamówienia ORD-2026-00026', 'ORD-2026-00026',
        '2026-04-02 21:57:00'),
       (72, 42, 'BOOK-004', 'SALE_COMMITTED', -1, 'Realizacja pozycji zamówienia ORD-2026-00026', 'ORD-2026-00026',
        '2026-04-02 22:16:00'),
       (73, 22, 'HOME-002', 'SALE_COMMITTED', -1, 'Realizacja pozycji zamówienia ORD-2026-00026', 'ORD-2026-00026',
        '2026-04-02 21:27:00'),
       (74, 59, 'GARD-003', 'SALE_COMMITTED', -2, 'Realizacja pozycji zamówienia ORD-2026-00026', 'ORD-2026-00026',
        '2026-04-02 22:55:00'),
       (75, 68, 'OFFICE-006', 'RESERVATION_CREATED', -3, 'Rezerwacja towaru dla zamówienia ORD-2026-00027', 'ORD-2026-00027',
        '2026-05-06 11:29:00'),
       (76, 20, 'PHONE-006', 'RESERVATION_CREATED', -1, 'Rezerwacja towaru dla zamówienia ORD-2026-00028', 'ORD-2026-00028',
        '2026-03-02 15:49:00'),
       (77, 10, 'COMP-003', 'RESERVATION_CREATED', -2, 'Rezerwacja towaru dla zamówienia ORD-2026-00028', 'ORD-2026-00028',
        '2026-03-02 15:07:00'),
       (78, 9, 'COMP-002', 'SALE_COMMITTED', -2, 'Realizacja pozycji zamówienia ORD-2026-00029', 'ORD-2026-00029',
        '2026-02-22 17:51:00'),
       (79, 61, 'GARD-005', 'SALE_COMMITTED', -1, 'Realizacja pozycji zamówienia ORD-2026-00029', 'ORD-2026-00029',
        '2026-02-22 16:50:00'),
       (80, 57, 'GARD-001', 'SALE_COMMITTED', -3, 'Realizacja pozycji zamówienia ORD-2026-00029', 'ORD-2026-00029',
        '2026-02-22 15:38:00'),
       (81, 39, 'BOOK-001', 'SALE_COMMITTED', -2, 'Realizacja pozycji zamówienia ORD-2026-00029', 'ORD-2026-00029',
        '2026-02-22 17:18:00'),
       (82, 71, 'KIDS-003', 'RESERVATION_CREATED', -3, 'Rezerwacja towaru dla zamówienia ORD-2026-00030', 'ORD-2026-00030',
        '2026-03-01 01:45:00'),
       (83, 6, 'ELEC-006', 'RESERVATION_CREATED', -2, 'Rezerwacja towaru dla zamówienia ORD-2026-00030', 'ORD-2026-00030',
        '2026-03-01 03:31:00'),
       (84, 58, 'GARD-002', 'RESERVATION_CREATED', -2, 'Rezerwacja towaru dla zamówienia ORD-2026-00030', 'ORD-2026-00030',
        '2026-03-01 03:05:00'),
       (85, 74, 'KIDS-006', 'RESERVATION_CREATED', -1, 'Rezerwacja towaru dla zamówienia ORD-2026-00030', 'ORD-2026-00030',
        '2026-03-01 01:12:00'),
       (86, 57, 'GARD-001', 'SALE_COMMITTED', -2, 'Realizacja pozycji zamówienia ORD-2026-00031', 'ORD-2026-00031',
        '2026-02-28 00:51:00'),
       (87, 68, 'OFFICE-006', 'SALE_COMMITTED', -2, 'Realizacja pozycji zamówienia ORD-2026-00031', 'ORD-2026-00031',
        '2026-02-28 00:55:00'),
       (88, 67, 'OFFICE-005', 'SALE_COMMITTED', -2, 'Realizacja pozycji zamówienia ORD-2026-00031', 'ORD-2026-00031',
        '2026-02-28 00:42:00'),
       (89, 21, 'HOME-001', 'SALE_COMMITTED', -3, 'Realizacja pozycji zamówienia ORD-2026-00031', 'ORD-2026-00031',
        '2026-02-28 01:49:00'),
       (90, 19, 'PHONE-005', 'RESERVATION_CREATED', -2, 'Rezerwacja towaru dla zamówienia ORD-2026-00032', 'ORD-2026-00032',
        '2026-06-02 17:37:00'),
       (91, 12, 'COMP-005', 'SALE_COMMITTED', -2, 'Realizacja pozycji zamówienia ORD-2026-00033', 'ORD-2026-00033',
        '2026-03-17 09:01:00'),
       (92, 55, 'BEAUTY-005', 'SALE_COMMITTED', -1, 'Realizacja pozycji zamówienia ORD-2026-00033', 'ORD-2026-00033',
        '2026-03-17 08:36:00'),
       (93, 66, 'OFFICE-004', 'SALE_COMMITTED', -2, 'Realizacja pozycji zamówienia ORD-2026-00033', 'ORD-2026-00033',
        '2026-03-17 09:46:00'),
       (94, 47, 'GAME-003', 'SALE_COMMITTED', -1, 'Realizacja pozycji zamówienia ORD-2026-00033', 'ORD-2026-00033',
        '2026-03-17 08:39:00'),
       (95, 3, 'ELEC-003', 'SALE_COMMITTED', -1, 'Realizacja pozycji zamówienia ORD-2026-00033', 'ORD-2026-00033',
        '2026-03-17 08:21:00'),
       (96, 17, 'PHONE-003', 'SALE_COMMITTED', -3, 'Realizacja pozycji zamówienia ORD-2026-00034', 'ORD-2026-00034',
        '2026-06-02 19:51:00'),
       (97, 49, 'GAME-005', 'SALE_COMMITTED', -1, 'Realizacja pozycji zamówienia ORD-2026-00034', 'ORD-2026-00034',
        '2026-06-02 19:04:00'),
       (98, 20, 'PHONE-006', 'SALE_COMMITTED', -1, 'Realizacja pozycji zamówienia ORD-2026-00034', 'ORD-2026-00034',
        '2026-06-02 18:57:00'),
       (99, 21, 'HOME-001', 'SALE_COMMITTED', -2, 'Realizacja pozycji zamówienia ORD-2026-00034', 'ORD-2026-00034',
        '2026-06-02 20:05:00'),
       (100, 24, 'HOME-004', 'SALE_COMMITTED', -3, 'Realizacja pozycji zamówienia ORD-2026-00034', 'ORD-2026-00034',
        '2026-06-02 18:12:00'),
       (101, 74, 'KIDS-006', 'SALE_COMMITTED', -2, 'Realizacja pozycji zamówienia ORD-2026-00035', 'ORD-2026-00035',
        '2026-03-06 21:24:00'),
       (102, 57, 'GARD-001', 'SALE_COMMITTED', -3, 'Realizacja pozycji zamówienia ORD-2026-00035', 'ORD-2026-00035',
        '2026-03-06 22:02:00'),
       (103, 60, 'GARD-004', 'SALE_COMMITTED', -2, 'Realizacja pozycji zamówienia ORD-2026-00035', 'ORD-2026-00035',
        '2026-03-06 20:28:00'),
       (104, 37, 'SPORT-005', 'SALE_COMMITTED', -1, 'Realizacja pozycji zamówienia ORD-2026-00036', 'ORD-2026-00036',
        '2026-05-29 02:39:00'),
       (105, 51, 'BEAUTY-001', 'RESERVATION_RELEASED', 3, 'Zwolnienie rezerwacji po anulowaniu ORD-2026-00037', 'ORD-2026-00037',
        '2026-03-02 17:55:00'),
       (106, 37, 'SPORT-005', 'RESERVATION_RELEASED', 2, 'Zwolnienie rezerwacji po anulowaniu ORD-2026-00038', 'ORD-2026-00038',
        '2026-05-20 04:40:00'),
       (107, 68, 'OFFICE-006', 'SALE_COMMITTED', -2, 'Realizacja pozycji zamówienia ORD-2026-00039', 'ORD-2026-00039',
        '2026-04-15 19:53:00'),
       (108, 55, 'BEAUTY-005', 'SALE_COMMITTED', -1, 'Realizacja pozycji zamówienia ORD-2026-00039', 'ORD-2026-00039',
        '2026-04-15 20:23:00'),
       (109, 15, 'PHONE-001', 'SALE_COMMITTED', -2, 'Realizacja pozycji zamówienia ORD-2026-00039', 'ORD-2026-00039',
        '2026-04-15 22:05:00'),
       (110, 37, 'SPORT-005', 'SALE_COMMITTED', -3, 'Realizacja pozycji zamówienia ORD-2026-00039', 'ORD-2026-00039',
        '2026-04-15 21:19:00'),
       (111, 31, 'FASH-005', 'SALE_COMMITTED', -1, 'Realizacja pozycji zamówienia ORD-2026-00039', 'ORD-2026-00039',
        '2026-04-15 19:50:00'),
       (112, 46, 'GAME-002', 'SALE_COMMITTED', -1, 'Realizacja pozycji zamówienia ORD-2026-00040', 'ORD-2026-00040',
        '2026-06-12 15:55:00'),
       (113, 50, 'GAME-006', 'SALE_COMMITTED', -2, 'Realizacja pozycji zamówienia ORD-2026-00041', 'ORD-2026-00041',
        '2026-06-04 17:49:00'),
       (114, 18, 'PHONE-004', 'RESERVATION_RELEASED', 3, 'Zwolnienie rezerwacji po anulowaniu ORD-2026-00042', 'ORD-2026-00042',
        '2026-03-13 16:38:00'),
       (115, 6, 'ELEC-006', 'RESERVATION_RELEASED', 2, 'Zwolnienie rezerwacji po anulowaniu ORD-2026-00042', 'ORD-2026-00042',
        '2026-03-13 16:38:00'),
       (116, 46, 'GAME-002', 'RESERVATION_RELEASED', 3, 'Zwolnienie rezerwacji po anulowaniu ORD-2026-00042', 'ORD-2026-00042',
        '2026-03-13 16:38:00'),
       (117, 6, 'ELEC-006', 'RESERVATION_RELEASED', 1, 'Zwolnienie rezerwacji po anulowaniu ORD-2026-00043', 'ORD-2026-00043',
        '2026-03-29 15:09:00'),
       (118, 26, 'HOME-006', 'RESERVATION_RELEASED', 2, 'Zwolnienie rezerwacji po anulowaniu ORD-2026-00043', 'ORD-2026-00043',
        '2026-03-29 15:09:00'),
       (119, 35, 'SPORT-003', 'RESERVATION_RELEASED', 2, 'Zwolnienie rezerwacji po anulowaniu ORD-2026-00044', 'ORD-2026-00044',
        '2026-04-17 14:58:00'),
       (120, 16, 'PHONE-002', 'RESERVATION_RELEASED', 2, 'Zwolnienie rezerwacji po anulowaniu ORD-2026-00044', 'ORD-2026-00044',
        '2026-04-17 14:58:00'),
       (121, 48, 'GAME-004', 'RESERVATION_RELEASED', 3, 'Zwolnienie rezerwacji po anulowaniu ORD-2026-00044', 'ORD-2026-00044',
        '2026-04-17 14:58:00'),
       (122, 55, 'BEAUTY-005', 'RESERVATION_CREATED', -1, 'Rezerwacja towaru dla zamówienia ORD-2026-00045', 'ORD-2026-00045',
        '2026-05-22 20:07:00'),
       (123, 22, 'HOME-002', 'SALE_COMMITTED', -1, 'Realizacja pozycji zamówienia ORD-2026-00046', 'ORD-2026-00046',
        '2026-05-05 08:26:00'),
       (124, 57, 'GARD-001', 'SALE_COMMITTED', -3, 'Realizacja pozycji zamówienia ORD-2026-00046', 'ORD-2026-00046',
        '2026-05-05 08:47:00'),
       (125, 45, 'GAME-001', 'SALE_COMMITTED', -2, 'Realizacja pozycji zamówienia ORD-2026-00046', 'ORD-2026-00046',
        '2026-05-05 09:39:00'),
       (126, 58, 'GARD-002', 'SALE_COMMITTED', -1, 'Realizacja pozycji zamówienia ORD-2026-00046', 'ORD-2026-00046',
        '2026-05-05 07:15:00'),
       (127, 9, 'COMP-002', 'RESERVATION_CREATED', -3, 'Rezerwacja towaru dla zamówienia ORD-2026-00047', 'ORD-2026-00047',
        '2026-03-04 11:51:00'),
       (128, 31, 'FASH-005', 'RESERVATION_CREATED', -2, 'Rezerwacja towaru dla zamówienia ORD-2026-00047', 'ORD-2026-00047',
        '2026-03-04 11:56:00'),
       (129, 51, 'BEAUTY-001', 'SALE_COMMITTED', -1, 'Realizacja pozycji zamówienia ORD-2026-00048', 'ORD-2026-00048',
        '2026-03-20 20:07:00'),
       (130, 41, 'BOOK-003', 'SALE_COMMITTED', -1, 'Realizacja pozycji zamówienia ORD-2026-00048', 'ORD-2026-00048',
        '2026-03-20 20:25:00'),
       (131, 36, 'SPORT-004', 'SALE_COMMITTED', -2, 'Realizacja pozycji zamówienia ORD-2026-00048', 'ORD-2026-00048',
        '2026-03-20 21:50:00'),
       (132, 18, 'PHONE-004', 'RESERVATION_CREATED', -1, 'Rezerwacja towaru dla zamówienia ORD-2026-00049', 'ORD-2026-00049',
        '2026-05-12 13:28:00'),
       (133, 21, 'HOME-001', 'RESERVATION_RELEASED', 3, 'Zwolnienie rezerwacji po anulowaniu ORD-2026-00050', 'ORD-2026-00050',
        '2026-03-01 22:18:00'),
       (134, 23, 'HOME-003', 'RESERVATION_RELEASED', 1, 'Zwolnienie rezerwacji po anulowaniu ORD-2026-00050', 'ORD-2026-00050',
        '2026-03-01 22:18:00'),
       (135, 47, 'GAME-003', 'RESERVATION_RELEASED', 1, 'Zwolnienie rezerwacji po anulowaniu ORD-2026-00050', 'ORD-2026-00050',
        '2026-03-01 22:18:00'),
       (136, 1, 'ELEC-001', 'INITIAL_STOCK', 141, 'Dostawa początkowa do magazynu', NULL, '2026-01-12 04:00:00'),
       (137, 2, 'ELEC-002', 'INITIAL_STOCK', 33, 'Dostawa początkowa do magazynu', NULL, '2025-10-28 10:00:00'),
       (138, 2, 'ELEC-002', 'STOCK_ADJUSTED', 2, 'Korekta stanu po inwentaryzacji', NULL, '2026-05-22 20:00:00'),
       (139, 3, 'ELEC-003', 'INITIAL_STOCK', 86, 'Dostawa początkowa do magazynu', NULL, '2025-08-18 05:00:00'),
       (140, 4, 'ELEC-004', 'INITIAL_STOCK', 64, 'Dostawa początkowa do magazynu', NULL, '2025-08-04 03:00:00'),
       (141, 4, 'ELEC-004', 'STOCK_ADJUSTED', 1, 'Korekta stanu po inwentaryzacji', NULL, '2026-04-30 11:00:00'),
       (142, 5, 'ELEC-005', 'INITIAL_STOCK', 265, 'Dostawa początkowa do magazynu', NULL, '2026-03-14 05:00:00'),
       (143, 6, 'ELEC-006', 'INITIAL_STOCK', 229, 'Dostawa początkowa do magazynu', NULL, '2025-03-25 00:00:00'),
       (144, 7, 'ELEC-007', 'INITIAL_STOCK', 57, 'Dostawa początkowa do magazynu', NULL, '2025-02-13 23:00:00'),
       (145, 7, 'ELEC-007', 'STOCK_ADJUSTED', -1, 'Korekta stanu po inwentaryzacji', NULL, '2026-05-05 08:00:00'),
       (146, 8, 'COMP-001', 'INITIAL_STOCK', 250, 'Dostawa początkowa do magazynu', NULL, '2025-03-17 00:00:00'),
       (147, 9, 'COMP-002', 'INITIAL_STOCK', 284, 'Dostawa początkowa do magazynu', NULL, '2025-05-02 02:00:00'),
       (148, 9, 'COMP-002', 'STOCK_ADJUSTED', 5, 'Korekta stanu po inwentaryzacji', NULL, '2026-04-26 17:00:00'),
       (149, 10, 'COMP-003', 'INITIAL_STOCK', 113, 'Dostawa początkowa do magazynu', NULL, '2025-03-31 00:00:00'),
       (150, 11, 'COMP-004', 'INITIAL_STOCK', 86, 'Dostawa początkowa do magazynu', NULL, '2025-02-06 14:00:00'),
       (151, 11, 'COMP-004', 'STOCK_ADJUSTED', 5, 'Korekta stanu po inwentaryzacji', NULL, '2026-06-12 07:00:00'),
       (152, 12, 'COMP-005', 'INITIAL_STOCK', 285, 'Dostawa początkowa do magazynu', NULL, '2026-01-27 06:00:00'),
       (153, 12, 'COMP-005', 'STOCK_ADJUSTED', -2, 'Korekta stanu po inwentaryzacji', NULL, '2026-06-05 00:00:00'),
       (154, 13, 'COMP-006', 'INITIAL_STOCK', 135, 'Dostawa początkowa do magazynu', NULL, '2026-02-08 14:00:00'),
       (155, 13, 'COMP-006', 'STOCK_ADJUSTED', 2, 'Korekta stanu po inwentaryzacji', NULL, '2026-04-19 01:00:00'),
       (156, 14, 'COMP-007', 'INITIAL_STOCK', 60, 'Dostawa początkowa do magazynu', NULL, '2025-11-08 03:00:00'),
       (157, 14, 'COMP-007', 'STOCK_ADJUSTED', 3, 'Korekta stanu po inwentaryzacji', NULL, '2026-05-11 02:00:00'),
       (158, 15, 'PHONE-001', 'INITIAL_STOCK', 84, 'Dostawa początkowa do magazynu', NULL, '2025-06-30 20:00:00'),
       (159, 16, 'PHONE-002', 'INITIAL_STOCK', 293, 'Dostawa początkowa do magazynu', NULL, '2025-05-15 18:00:00'),
       (160, 16, 'PHONE-002', 'STOCK_ADJUSTED', 3, 'Korekta stanu po inwentaryzacji', NULL, '2026-06-04 16:00:00'),
       (161, 17, 'PHONE-003', 'INITIAL_STOCK', 98, 'Dostawa początkowa do magazynu', NULL, '2025-11-09 00:00:00'),
       (162, 17, 'PHONE-003', 'STOCK_ADJUSTED', 2, 'Korekta stanu po inwentaryzacji', NULL, '2026-04-29 15:00:00'),
       (163, 18, 'PHONE-004', 'INITIAL_STOCK', 192, 'Dostawa początkowa do magazynu', NULL, '2025-03-18 08:00:00'),
       (164, 19, 'PHONE-005', 'INITIAL_STOCK', 41, 'Dostawa początkowa do magazynu', NULL, '2026-04-29 23:00:00'),
       (165, 20, 'PHONE-006', 'INITIAL_STOCK', 34, 'Dostawa początkowa do magazynu', NULL, '2025-03-18 11:00:00'),
       (166, 20, 'PHONE-006', 'STOCK_ADJUSTED', 3, 'Korekta stanu po inwentaryzacji', NULL, '2026-04-26 16:00:00'),
       (167, 21, 'HOME-001', 'INITIAL_STOCK', 155, 'Dostawa początkowa do magazynu', NULL, '2025-05-03 15:00:00'),
       (168, 22, 'HOME-002', 'INITIAL_STOCK', 233, 'Dostawa początkowa do magazynu', NULL, '2025-05-27 12:00:00'),
       (169, 23, 'HOME-003', 'INITIAL_STOCK', 35, 'Dostawa początkowa do magazynu', NULL, '2025-12-30 15:00:00'),
       (170, 24, 'HOME-004', 'INITIAL_STOCK', 299, 'Dostawa początkowa do magazynu', NULL, '2025-08-28 19:00:00'),
       (171, 24, 'HOME-004', 'STOCK_ADJUSTED', -1, 'Korekta stanu po inwentaryzacji', NULL, '2026-05-16 03:00:00'),
       (172, 25, 'HOME-005', 'INITIAL_STOCK', 227, 'Dostawa początkowa do magazynu', NULL, '2025-02-11 00:00:00'),
       (173, 25, 'HOME-005', 'STOCK_ADJUSTED', -3, 'Korekta stanu po inwentaryzacji', NULL, '2026-05-02 09:00:00'),
       (174, 26, 'HOME-006', 'INITIAL_STOCK', 100, 'Dostawa początkowa do magazynu', NULL, '2025-02-02 09:00:00'),
       (175, 26, 'HOME-006', 'STOCK_ADJUSTED', 1, 'Korekta stanu po inwentaryzacji', NULL, '2026-05-17 04:00:00'),
       (176, 27, 'FASH-001', 'INITIAL_STOCK', 194, 'Dostawa początkowa do magazynu', NULL, '2025-09-02 07:00:00'),
       (177, 28, 'FASH-002', 'INITIAL_STOCK', 180, 'Dostawa początkowa do magazynu', NULL, '2025-03-11 16:00:00'),
       (178, 29, 'FASH-003', 'INITIAL_STOCK', 183, 'Dostawa początkowa do magazynu', NULL, '2025-06-01 02:00:00'),
       (179, 30, 'FASH-004', 'INITIAL_STOCK', 196, 'Dostawa początkowa do magazynu', NULL, '2025-10-13 08:00:00'),
       (180, 31, 'FASH-005', 'INITIAL_STOCK', 86, 'Dostawa początkowa do magazynu', NULL, '2026-02-03 17:00:00'),
       (181, 32, 'FASH-006', 'INITIAL_STOCK', 283, 'Dostawa początkowa do magazynu', NULL, '2026-04-28 10:00:00'),
       (182, 33, 'SPORT-001', 'INITIAL_STOCK', 183, 'Dostawa początkowa do magazynu', NULL, '2025-09-26 05:00:00'),
       (183, 33, 'SPORT-001', 'STOCK_ADJUSTED', -3, 'Korekta stanu po inwentaryzacji', NULL, '2026-05-28 20:00:00'),
       (184, 34, 'SPORT-002', 'INITIAL_STOCK', 146, 'Dostawa początkowa do magazynu', NULL, '2026-01-27 20:00:00'),
       (185, 34, 'SPORT-002', 'STOCK_ADJUSTED', -3, 'Korekta stanu po inwentaryzacji', NULL, '2026-05-27 22:00:00'),
       (186, 35, 'SPORT-003', 'INITIAL_STOCK', 234, 'Dostawa początkowa do magazynu', NULL, '2025-12-01 22:00:00'),
       (187, 35, 'SPORT-003', 'STOCK_ADJUSTED', 5, 'Korekta stanu po inwentaryzacji', NULL, '2026-04-19 05:00:00'),
       (188, 36, 'SPORT-004', 'INITIAL_STOCK', 187, 'Dostawa początkowa do magazynu', NULL, '2025-07-06 08:00:00'),
       (189, 37, 'SPORT-005', 'INITIAL_STOCK', 180, 'Dostawa początkowa do magazynu', NULL, '2026-01-25 05:00:00'),
       (190, 37, 'SPORT-005', 'STOCK_ADJUSTED', -2, 'Korekta stanu po inwentaryzacji', NULL, '2026-05-14 18:00:00'),
       (191, 38, 'SPORT-006', 'INITIAL_STOCK', 259, 'Dostawa początkowa do magazynu', NULL, '2025-10-08 04:00:00'),
       (192, 39, 'BOOK-001', 'INITIAL_STOCK', 177, 'Dostawa początkowa do magazynu', NULL, '2025-07-02 18:00:00'),
       (193, 40, 'BOOK-002', 'INITIAL_STOCK', 66, 'Dostawa początkowa do magazynu', NULL, '2026-03-07 22:00:00'),
       (194, 41, 'BOOK-003', 'INITIAL_STOCK', 278, 'Dostawa początkowa do magazynu', NULL, '2026-03-08 23:00:00'),
       (195, 42, 'BOOK-004', 'INITIAL_STOCK', 143, 'Dostawa początkowa do magazynu', NULL, '2026-01-05 22:00:00'),
       (196, 42, 'BOOK-004', 'STOCK_ADJUSTED', -1, 'Korekta stanu po inwentaryzacji', NULL, '2026-06-12 09:00:00'),
       (197, 43, 'BOOK-005', 'INITIAL_STOCK', 164, 'Dostawa początkowa do magazynu', NULL, '2026-02-24 02:00:00'),
       (198, 44, 'BOOK-006', 'INITIAL_STOCK', 260, 'Dostawa początkowa do magazynu', NULL, '2025-12-23 10:00:00'),
       (199, 44, 'BOOK-006', 'STOCK_ADJUSTED', -3, 'Korekta stanu po inwentaryzacji', NULL, '2026-04-22 07:00:00'),
       (200, 45, 'GAME-001', 'INITIAL_STOCK', 240, 'Dostawa początkowa do magazynu', NULL, '2025-09-14 09:00:00'),
       (201, 45, 'GAME-001', 'STOCK_ADJUSTED', -1, 'Korekta stanu po inwentaryzacji', NULL, '2026-04-29 23:00:00'),
       (202, 46, 'GAME-002', 'INITIAL_STOCK', 226, 'Dostawa początkowa do magazynu', NULL, '2026-01-31 23:00:00'),
       (203, 46, 'GAME-002', 'STOCK_ADJUSTED', 1, 'Korekta stanu po inwentaryzacji', NULL, '2026-06-11 16:00:00'),
       (204, 47, 'GAME-003', 'INITIAL_STOCK', 119, 'Dostawa początkowa do magazynu', NULL, '2026-04-20 22:00:00'),
       (205, 47, 'GAME-003', 'STOCK_ADJUSTED', -1, 'Korekta stanu po inwentaryzacji', NULL, '2026-06-10 22:00:00'),
       (206, 48, 'GAME-004', 'INITIAL_STOCK', 278, 'Dostawa początkowa do magazynu', NULL, '2026-02-16 14:00:00'),
       (207, 49, 'GAME-005', 'INITIAL_STOCK', 163, 'Dostawa początkowa do magazynu', NULL, '2025-07-06 02:00:00'),
       (208, 50, 'GAME-006', 'INITIAL_STOCK', 80, 'Dostawa początkowa do magazynu', NULL, '2025-08-17 08:00:00'),
       (209, 50, 'GAME-006', 'STOCK_ADJUSTED', -3, 'Korekta stanu po inwentaryzacji', NULL, '2026-05-20 23:00:00'),
       (210, 51, 'BEAUTY-001', 'INITIAL_STOCK', 193, 'Dostawa początkowa do magazynu', NULL, '2025-12-05 09:00:00'),
       (211, 52, 'BEAUTY-002', 'INITIAL_STOCK', 207, 'Dostawa początkowa do magazynu', NULL, '2025-08-26 13:00:00'),
       (212, 53, 'BEAUTY-003', 'INITIAL_STOCK', 121, 'Dostawa początkowa do magazynu', NULL, '2025-08-22 02:00:00'),
       (213, 54, 'BEAUTY-004', 'INITIAL_STOCK', 225, 'Dostawa początkowa do magazynu', NULL, '2025-03-03 08:00:00'),
       (214, 55, 'BEAUTY-005', 'INITIAL_STOCK', 43, 'Dostawa początkowa do magazynu', NULL, '2025-05-30 01:00:00'),
       (215, 55, 'BEAUTY-005', 'STOCK_ADJUSTED', 3, 'Korekta stanu po inwentaryzacji', NULL, '2026-05-24 19:00:00'),
       (216, 56, 'BEAUTY-006', 'INITIAL_STOCK', 285, 'Dostawa początkowa do magazynu', NULL, '2026-01-24 10:00:00'),
       (217, 57, 'GARD-001', 'INITIAL_STOCK', 283, 'Dostawa początkowa do magazynu', NULL, '2025-12-13 07:00:00'),
       (218, 57, 'GARD-001', 'STOCK_ADJUSTED', 2, 'Korekta stanu po inwentaryzacji', NULL, '2026-05-26 05:00:00'),
       (219, 58, 'GARD-002', 'INITIAL_STOCK', 221, 'Dostawa początkowa do magazynu', NULL, '2025-10-25 18:00:00'),
       (220, 59, 'GARD-003', 'INITIAL_STOCK', 173, 'Dostawa początkowa do magazynu', NULL, '2025-08-26 10:00:00'),
       (221, 60, 'GARD-004', 'INITIAL_STOCK', 279, 'Dostawa początkowa do magazynu', NULL, '2026-05-11 02:00:00'),
       (222, 61, 'GARD-005', 'INITIAL_STOCK', 292, 'Dostawa początkowa do magazynu', NULL, '2026-04-10 00:00:00'),
       (223, 62, 'GARD-006', 'INITIAL_STOCK', 173, 'Dostawa początkowa do magazynu', NULL, '2025-02-10 04:00:00'),
       (224, 63, 'OFFICE-001', 'INITIAL_STOCK', 28, 'Dostawa początkowa do magazynu', NULL, '2025-05-20 01:00:00'),
       (225, 63, 'OFFICE-001', 'STOCK_ADJUSTED', 3, 'Korekta stanu po inwentaryzacji', NULL, '2026-06-07 21:00:00'),
       (226, 64, 'OFFICE-002', 'INITIAL_STOCK', 177, 'Dostawa początkowa do magazynu', NULL, '2026-01-16 06:00:00'),
       (227, 65, 'OFFICE-003', 'INITIAL_STOCK', 33, 'Dostawa początkowa do magazynu', NULL, '2026-02-08 05:00:00'),
       (228, 66, 'OFFICE-004', 'INITIAL_STOCK', 155, 'Dostawa początkowa do magazynu', NULL, '2026-02-07 11:00:00'),
       (229, 67, 'OFFICE-005', 'INITIAL_STOCK', 136, 'Dostawa początkowa do magazynu', NULL, '2025-05-02 03:00:00'),
       (230, 68, 'OFFICE-006', 'INITIAL_STOCK', 265, 'Dostawa początkowa do magazynu', NULL, '2025-08-31 01:00:00'),
       (231, 68, 'OFFICE-006', 'STOCK_ADJUSTED', 3, 'Korekta stanu po inwentaryzacji', NULL, '2026-04-29 15:00:00'),
       (232, 69, 'KIDS-001', 'INITIAL_STOCK', 214, 'Dostawa początkowa do magazynu', NULL, '2026-01-17 10:00:00'),
       (233, 69, 'KIDS-001', 'STOCK_ADJUSTED', 3, 'Korekta stanu po inwentaryzacji', NULL, '2026-05-31 09:00:00'),
       (234, 70, 'KIDS-002', 'INITIAL_STOCK', 76, 'Dostawa początkowa do magazynu', NULL, '2025-10-20 16:00:00'),
       (235, 70, 'KIDS-002', 'STOCK_ADJUSTED', 1, 'Korekta stanu po inwentaryzacji', NULL, '2026-05-25 21:00:00'),
       (236, 71, 'KIDS-003', 'INITIAL_STOCK', 97, 'Dostawa początkowa do magazynu', NULL, '2026-05-09 13:00:00'),
       (237, 71, 'KIDS-003', 'STOCK_ADJUSTED', -2, 'Korekta stanu po inwentaryzacji', NULL, '2026-05-19 18:00:00'),
       (238, 72, 'KIDS-004', 'INITIAL_STOCK', 261, 'Dostawa początkowa do magazynu', NULL, '2025-05-28 12:00:00'),
       (239, 73, 'KIDS-005', 'INITIAL_STOCK', 51, 'Dostawa początkowa do magazynu', NULL, '2025-06-26 01:00:00'),
       (240, 74, 'KIDS-006', 'INITIAL_STOCK', 285, 'Dostawa początkowa do magazynu', NULL, '2025-12-29 19:00:00'),
       (241, 74, 'KIDS-006', 'STOCK_ADJUSTED', -1, 'Korekta stanu po inwentaryzacji', NULL, '2026-05-03 19:00:00');

SELECT setval(pg_get_serial_sequence('categories', 'id'), COALESCE((SELECT MAX(id) FROM categories), 0) + 1, false);

SELECT setval(pg_get_serial_sequence('products', 'id'), COALESCE((SELECT MAX(id) FROM products), 0) + 1, false);

SELECT setval(pg_get_serial_sequence('carts', 'id'), COALESCE((SELECT MAX(id) FROM carts), 0) + 1, false);

SELECT setval(pg_get_serial_sequence('cart_items', 'id'), COALESCE((SELECT MAX(id) FROM cart_items), 0) + 1, false);

SELECT setval(pg_get_serial_sequence('orders', 'id'), COALESCE((SELECT MAX(id) FROM orders), 0) + 1, false);

SELECT setval(pg_get_serial_sequence('order_items', 'id'), COALESCE((SELECT MAX(id) FROM order_items), 0) + 1, false);

SELECT setval(pg_get_serial_sequence('payments', 'id'), COALESCE((SELECT MAX(id) FROM payments), 0) + 1, false);

SELECT setval(pg_get_serial_sequence('stock_movements', 'id'), COALESCE((SELECT MAX(id) FROM stock_movements), 0) + 1,
              false);